N,P,K,temperature,humidity,ph,rainfall,label
89.18280395373651,35.62526888056667,39.12543977553679,22.232107381488227,84.72942428328025,6.515049231134367,283.8269351557268,rice
72.60816497888248,45.54804549213176,35.44695829157106,22.186379748036032,80.10710576206725,5.539803954525795,179.82564760299726,rice
89.4965331333857,48.623537015080416,38.30660933061045,25.892656838759088,86.18860913355653,5.509748139517091,270.8728877749212,rice
90.94418184964681,43.50626291294979,37.33219249717672,29.57213072206781,76.73189090225253,5.639118765070222,164.5074565250196,rice
95.4248309904238,50.09315078417228,47.1069240991157,27.29731786693818,80.72456182909401,6.9596736459690565,206.78015658125304,rice
86.56121893819682,55.73511660632487,44.277796285463694,28.617069003107773,81.54704290513524,6.556857754322385,156.87365754834934,rice
76.83694826954641,42.23469909005268,36.19687965385441,22.3279088636103,72.02002858819458,5.916960404665138,245.35266663966001,rice
80.94496536910253,44.254524177922065,38.142605461572316,22.669778220491132,88.73309175424988,6.472053077869891,241.36965085004823,rice
75.13415944594291,53.22816994875873,37.451037406428924,23.794554417576478,89.79046701273191,6.459999639781139,233.54246156619695,rice
90.53842752969624,56.071298004745245,46.63999867319367,22.290480719641042,70.64200487808075,5.973179572088623,190.16113139635542,rice
76.32948530758979,58.57274285837636,48.14551439709003,23.14677880798478,83.1087733058976,6.093447851590996,287.18213846108154,rice
83.76555557762197,41.62200416245131,38.69941261540975,25.61368134163151,75.25483217045871,6.376878985335311,284.67343254037155,rice
81.98201515421192,40.48301897893208,49.96306409742665,25.095262936764644,71.81818824347587,5.570674563137102,166.44736955259887,rice
88.8233812510927,54.8019841090741,41.33239950199526,20.63527706151957,77.63238573013074,6.994182070360145,229.36715176487056,rice
99.13235132840855,56.519492555862456,35.1722153291423,27.207218193601946,83.63420738053149,6.3054554956131925,190.02377849288143,rice
89.22885395739425,37.78880433989691,41.52147876003657,24.537237063292064,89.0763185504216,6.813779410567291,189.50835761266362,rice
85.01758339150895,39.46629701325328,48.68941759017231,28.70518569836767,75.96889582897266,6.4584242422990075,241.34553171572583,rice
74.58517805648904,54.06277000187878,43.090685451794386,27.786264786305583,80.60707344390354,5.500857844191915,198.62340855070096,rice
70.58430227157497,58.22746540661542,48.18082816734776,28.316655293611795,76.15028250805322,5.586887749741281,281.7014398806061,rice
98.40848335893982,37.14133630169697,42.28985694974921,20.692125184683835,85.21204330514463,6.648751643960482,169.25871967496442,rice
84.25847134296194,48.7450898373736,38.97584943410089,28.724330410852573,78.46275880401774,5.817697308163123,230.89441331691876,rice
91.89793207269929,40.028776584742396,39.675744369513424,29.951493566608946,82.99756115278907,6.157150125871756,227.6363761553386,rice
73.63012587604797,40.61743342578893,40.07128343221183,25.883087184572332,74.60229465193154,5.8303260766773395,160.64896290135488,rice
88.93308871810297,40.72354459527886,48.58130019509192,28.596354002537467,71.41714699777307,5.857006951553493,250.34666674444208,rice
76.42710422111315,38.307796218125624,49.03271360871007,25.710430933252844,79.45342052623589,6.67692913643613,271.1245496649965,rice
75.71229743085632,37.42327035572058,41.465767736095664,24.23578623019921,79.3404933607335,6.593613774189776,251.00468209399523,rice
99.52495634097899,37.460446778798975,41.03931923153403,23.393026053949633,87.23345072705582,5.8729845008804284,178.53133626612174,rice
83.45840643499396,45.5470409958601,39.178177170004105,22.498064478821004,88.46531198552026,6.164696117580186,279.2023657142746,rice
86.50975937349544,36.26470823812203,49.9892370261909,28.360275850799518,89.37992514569503,6.889550474512191,277.3043601621458,rice
74.98933331811742,47.14102813626796,38.20620948798773,24.010402925494525,71.17270799944357,6.068459678465374,297.7963265669589,rice
77.95609174516456,54.601765048714235,41.82512551008715,24.230074859901627,89.14635281719346,6.993134034239071,233.36524851084272,rice
91.55224825888978,38.869920631851606,39.450617382418464,29.68709364969159,81.58360581632513,6.313292802061412,262.1963340568596,rice
71.7149581872245,49.604439861474276,42.5427557437927,28.527198920482853,73.14865455878966,6.941168354911675,162.01671978608803,rice
75.5747488294217,49.87587766125069,45.128188304061354,22.352038950009312,72.39773227894248,6.835430971194157,186.93230216829375,rice
87.83557460600323,50.48453775830258,41.28837373003809,25.83672289291225,80.45565431063918,6.902059386604641,180.63887991353047,rice
91.48575402368245,40.96714881539615,40.936787701868816,26.71690222959971,75.99994159597524,5.974265794407781,262.77967386216034,rice
72.17629343479472,46.457138065464655,49.976816612816634,29.960964478550945,71.46521442199266,5.819731468400561,189.7800622125602,rice
97.99778133981127,57.021604342160984,48.189053637268145,23.69527088738884,73.15493664714464,6.750617431959711,255.53098876310565,rice
88.3503329717785,59.6808265907876,44.80964476566099,20.07823107152158,86.34208270230923,5.949068128299967,249.50830724491158,rice
98.16790011781312,38.35727785983419,36.731430056286534,21.070359777094176,81.06447281769631,5.908522318472224,240.72447405453357,rice
91.52836561416393,40.089932808186326,44.51356938327619,22.639839016304094,79.77063704298753,6.858004736618985,276.9155569942283,rice
72.76895403138201,45.589394314093155,39.15020335958378,20.035456890877825,85.42238446039255,6.455670065952069,189.29328936515222,rice
92.23692725043793,48.79201052815978,41.41530378471019,20.0966969960834,71.50487720147534,6.8246595899502145,285.58928573398396,rice
86.36770867616568,55.86487549715042,43.73764349734691,21.480937855674828,72.54891038564277,5.962387524895201,284.84722331138846,rice
93.88366914664125,56.51756455002257,48.483869547897115,22.10076538339754,74.9905947844585,5.654190432507678,267.0174362807164,rice
96.52404104353027,45.15943474580292,44.309922652260695,21.545533383322045,88.59762031387349,6.796908544329946,296.4309049396444,rice
94.32315159821191,57.03540511658311,35.37179542847283,27.365644717550822,76.64370935892858,6.896223829072488,270.33527084057084,rice
95.92192085125838,55.268732914359724,39.002085643917084,27.873745091354714,72.16191252805915,6.808250174359134,278.78898770066724,rice
76.67301152636993,55.41466513992322,41.90454852018413,23.051908673386006,85.90690998305723,5.841393231111655,153.54966520521774,rice
75.79389364983126,43.206548779942665,47.965294130454296,29.66889104048361,75.58249985443743,6.462222607911442,209.95175765400913,rice
99.43449061594781,48.40539331196805,49.08855710487074,21.153417518514274,89.40801222044456,5.767851724258695,294.3801473642333,rice
77.96399087568906,37.710063680367774,41.518456378469665,27.285450606527043,76.27354628389982,6.409313279959215,226.7134589504217,rice
81.55586300034182,49.41470108741499,38.82083759207873,27.087852838341707,70.03382556437259,6.888362748248624,230.7677995639188,rice
91.58289997434537,53.548751945986915,45.05942756649499,23.642214717812642,71.3994762225262,6.496356527366909,199.53000540638948,rice
79.4174693517508,56.20038198765839,45.79631394520925,23.003222682112643,76.18569324417307,6.1125893629288255,210.3600580586587,rice
78.86965607577841,38.18219497647883,41.30669500659363,29.40363670730183,83.54635890545465,6.854208318598874,242.32723739270708,rice
79.02849623696696,48.698430328392455,35.006089095459316,22.86913716868927,78.59776299979669,6.369977171793523,248.20584355546075,rice
83.94964570741043,46.05399498262018,38.205521014836506,24.731861859093264,88.02361651656508,6.69403714019017,175.4537094297082,rice
72.54386610175365,47.88630024788041,44.494112836486934,23.351882554098008,86.36846929073329,6.6267072063110986,250.91935058357507,rice
76.73921997991864,39.97824831816442,35.366380815902396,22.448425440783502,79.5027268843761,6.774606541937098,160.92423437768537,rice
82.43323032993158,50.74413451844284,37.91652855109564,26.96354250490505,79.88754338020874,5.865976659367658,248.40870166676763,rice
70.16634454414096,53.77411191546182,46.55069282861038,21.06587296563539,78.50292387885469,5.763830022559797,293.69490634193096,rice
85.53873251331223,36.25545962851602,38.73797419489958,28.483363473516597,79.12923650940346,6.702124902583397,250.136659887953,rice
99.63677359199343,49.8863079617355,49.25059412664734,28.91425925810437,82.25304645523525,6.578910941913951,225.7167247236603,rice
94.91707509164246,48.696798765270714,48.45812154849893,27.43655442159585,79.49348873646107,5.888787322697529,187.08596062644892,rice
89.12984310328468,54.14534210742914,42.81949719241973,26.267484369817815,75.49194893835076,5.616225030797104,192.85922262947287,rice
78.15145321246554,42.992739210469054,43.102283337776846,21.383740615161557,74.62522959456373,6.540924718448578,255.96287125418283,rice
71.92686552141635,45.18998424166467,43.139167107558734,24.157742341031557,74.1366877902882,6.130215276660138,285.7257717510265,rice
87.52238242612675,52.3880746624492,47.85098048455902,27.655945761180696,77.60762057855423,5.508844125375989,202.7638204007737,rice
92.60425375178158,56.33619876422762,49.30145507705159,24.190212826298218,84.95031337956101,6.319198464600759,240.4878883411862,rice
76.61616082971457,40.4855408655359,41.53753964069955,20.290248199467154,76.72259087396765,6.518712827542524,210.64750037064556,rice
74.95134193610527,46.684753730807756,36.91441695921741,26.222569609740646,70.53932903810275,6.091030384509557,234.65879745371612,rice
70.81306139020937,51.06874120023339,37.035492308458466,24.616984440515118,71.00569266977256,6.06865579628221,181.74904263172223,rice
79.80537414643925,54.030742697350675,40.686893233462044,27.52009823554785,86.63848570310546,5.878407297673571,162.28593491424638,rice
70.58149861150032,48.48547619806334,49.99861742763814,23.499603437201838,83.0028818649975,6.671849574416342,247.76319828658342,rice
92.6269961217858,58.74029331789972,37.99041023543799,20.203800173203323,73.04764691569581,5.689331462311309,250.4188266929866,rice
86.91908745790057,40.44911352266259,45.491974568692264,27.668980983562406,73.35578286735604,6.410871240836397,262.1888477932929,rice
73.43598614136693,55.482529357777125,49.470811595511314,21.080987496576064,70.51356850994932,5.967935866592043,251.60209302756132,rice
98.74518514617688,44.916361037915685,45.72522057574203,20.7599647784306,83.81228831865961,6.440863593401566,165.28519581689648,rice
93.17442654853673,56.25733097721991,44.00617422225266,21.210550650673152,89.67688703029343,6.673953019541529,202.08056479626734,rice
82.85134039704234,44.26427190545141,42.58941184515617,23.412311748612833,86.99151253999155,6.733496377135087,165.83083059659978,rice
98.82362701643736,50.88962765253615,47.43060966503687,27.07308643706077,78.70974290015354,6.6006929560200875,294.82105968571165,rice
78.10247189162203,55.2049804701689,43.072593596723834,24.834975038831963,78.71148986007789,6.5965393214576835,190.2593307073838,rice
95.55139480057996,55.76827547226509,36.29994347083512,28.81631184002772,74.87726878381912,6.197062699904848,241.5497556345781,rice
81.36967912384792,35.71749994425224,47.76429254468689,21.818398571576918,74.24239700359477,6.696748535242145,201.05082647464255,rice
96.40959939274677,52.52959375830504,39.144028636342775,20.10151114438677,88.96125155554063,5.628419442937032,258.01119961562915,rice
84.65733540546361,53.95411633706166,45.359140091697846,26.459028997409522,79.81642670157173,6.689399302198476,163.95800258320077,rice
76.64789201417591,52.29467888238005,39.593090451951326,25.815555853323673,79.46520977519049,6.296382896718652,213.82557190578223,rice
92.37806310140829,43.26978242989826,45.542824132786535,22.709164269761963,75.02807352401884,5.6809838271284585,178.8876440177276,rice
73.58664223765159,48.39659913459374,46.432844142261544,21.85149842437662,74.32769279757211,6.226297880819063,258.68775016395773,rice
99.2982106864917,48.1159217277152,39.24498054912433,21.005261080907907,73.88235156182147,5.841224745223832,176.9162315528105,rice
70.42445101768192,48.35337723169158,39.11466990174901,29.74294931102738,81.06717933597217,6.546126089365291,168.94192394376134,rice
96.05383591788832,47.271967363094475,48.09079602497802,25.740642196263323,79.3879388986102,6.160703197204016,177.65455055851226,rice
71.54130151550733,58.52658991920258,42.16593780898532,28.221156452994304,78.01414884503879,5.611123255383459,244.41685604279974,rice
71.60827222877599,38.72993961184138,43.44259395626847,23.038355118422277,89.8783624542044,5.6776773433171925,264.66651679892914,rice
88.18952953728888,54.768520746085485,38.38530705597552,25.225725351302177,79.01028929777509,6.164081506028992,279.024999873927,rice
99.70093781400394,42.63450610798401,44.31540981608223,26.096309122451302,84.8017861096909,6.921385300488067,181.1681858735327,rice
76.33075585916178,51.51070342980091,37.35585640071316,21.738135483264344,71.50129737802335,5.504013583904329,217.57555569265537,rice
87.8143358535869,42.28148222577569,38.47214351834039,27.069558298790334,84.05975116187435,6.181046989610564,253.10773801068643,rice
97.71733133447646,54.695700666168285,44.37587010746333,26.61183042853368,88.67336916891027,6.137708449156317,231.6843568065868,rice
89.42904170207441,57.710286130315154,47.39946739475089,20.71409836855814,73.3184557844145,5.961417718921349,262.3436583104435,rice
87.07621147957278,42.21526470764604,36.86530487262063,26.886779912120936,83.99467369951435,6.914014361116061,225.07082656768884,rice
84.81385658035254,37.01104629748252,35.597911762754194,24.320286641607726,76.446431667166,5.875551853618006,163.69903299464778,rice
98.8573330657851,55.89896534765453,43.62798663829896,29.507862778063526,89.99144833754903,6.508422376454859,190.42665389505808,rice
71.20695019433849,53.90672076031393,42.0575123487745,26.515094894336862,88.32145575853535,5.772233720834689,237.79944379167816,rice
89.04354158362261,47.29314505477534,36.36863609440741,23.479610562946505,76.66616787330184,6.505200264281778,278.6599641600529,rice
79.89410990736896,52.34184184958581,39.32326693042184,29.451935395632105,86.27132069475945,6.325144913457675,218.22388629025943,rice
79.43551471510504,43.08184465689987,49.55277090212866,24.04175057000746,80.29192504658211,6.9821788221726315,248.64905797246934,rice
86.27780783071586,45.331189269983035,37.813738120917904,23.61779359151675,85.12886308111148,6.438113113217513,263.9985804091525,rice
76.10674715050821,48.73049097713329,48.91509141266671,24.381160950723782,83.96500058244345,5.68213912504393,295.97202237325416,rice
88.26615001245895,40.98243655819126,37.37567245707849,25.5083900700267,81.04502818107466,5.639813801922283,298.8385709092829,rice
97.38789635452504,46.536197354469586,36.76199223634336,28.32143173768901,79.9675100941439,6.5749049889876865,226.33080226042676,rice
78.20274690139823,55.868098639417354,49.70366948905063,22.43730906075138,81.0253015376094,6.075379019870725,288.2802224897343,rice
85.24722674778681,56.9831563786619,47.960404016428825,22.76247402822041,85.80012364006227,6.1224136353270175,290.137259052378,rice
85.23213027428969,55.513736829639456,39.2425847492424,22.985558497717673,81.73875444828322,6.998353499844008,223.44605199835513,rice
74.45786255148367,48.464514442596844,40.17685912539511,25.519174170708112,80.86860125917346,6.183016925299752,198.26660253435563,rice
75.65957121121316,52.437460690514285,43.576964629773514,22.33562446057893,85.51088950198518,5.565470948645953,261.7057727347794,rice
91.15683643075008,55.28522256412192,40.791181287364736,26.63688829484535,86.4149510341911,6.971227207989678,224.2992974424635,rice
71.11058834036729,47.55727875332415,43.852706439643505,28.697003133622154,87.48380748108616,6.160459314656015,228.8926630211342,rice
83.70784223422727,53.06109568926607,41.149679296195465,26.547813264277337,73.08722437543098,6.204235901477098,295.3805445861326,rice
80.15683702154296,52.317614964672046,44.747549788689085,28.517652923506915,87.04682673131786,6.789013276252399,207.00140962839825,rice
79.49983461800198,52.96793563057457,46.39102714001545,28.723830173985363,70.71798199675374,5.602631120772327,244.6741525281961,rice
97.6278729634089,59.935648073905384,46.201495501068905,24.339714719231257,71.96886252766396,6.450621743171187,280.8868848910636,rice
83.31035654985118,52.35002906983087,48.55136093075729,20.45990968677213,85.92286930324424,5.940051663947814,206.22616346629724,rice
74.36709387098195,48.279157953719,43.48892092873905,27.92519473880953,73.39967298136195,5.618452525989992,280.62593979672823,rice
88.59131105612246,41.020744796407826,48.69243524035332,21.431177201285095,79.22299826709995,5.880966009120313,188.2990062238731,rice
70.28192294364614,55.11582692437866,48.518141353983246,26.776108856990795,73.15951244143574,6.162594675405722,201.83484366646226,rice
87.62715115379264,50.973467559000305,41.36463407691347,22.50098224407701,86.90607850285197,5.798825498663339,207.70398734510184,rice
84.49624183177649,40.930142548189366,43.57884038526108,25.748119301786453,89.85384087253794,5.942846130824904,296.6916726865294,rice
89.74689447786042,41.86200950445569,43.48893525433549,26.857994927340123,84.89337682330651,5.573566376164,240.96097396147118,rice
84.90181859571611,57.603882272343135,39.292912271887914,27.988601195075987,82.14129996328532,6.028481433752975,245.4926817008838,rice
88.62673489390912,51.94411146558399,45.81392565006063,26.591815403167537,86.76674233925033,6.4423721555303475,285.5105556109452,rice
89.39021826671569,42.7233220988159,41.61234785244217,25.795738053684026,84.64719535878477,5.635200063619329,194.26656774437328,rice
92.42442594815114,39.39100176110767,36.982396966201755,25.39407758984421,89.4297916242268,6.296278560554177,287.02304617225457,rice
94.91417858702192,41.424252114081554,47.37034718813611,24.81847829873741,86.12976987587533,6.619839026075567,200.80728807028294,rice
73.45509122349279,59.072332321721944,37.11135522508824,29.66500209462752,87.20281193797643,6.586325068113277,296.99133641728554,rice
99.01809241900096,55.11469110051405,40.48662574108349,27.906819685889374,70.27837310201802,6.304858462403589,218.21790416008122,rice
90.18485145621261,51.80851993377533,43.76840137478249,28.22417301226774,88.80583783559109,5.662519153298846,185.07328533173748,rice
70.75073948939448,57.105871130371305,43.42111073374818,29.152559087431595,74.4273440014798,5.5948255617402936,273.57830270856715,rice
97.28162915283676,42.554754363231254,41.12443783693119,21.39777012507221,88.92523065763892,5.9565468765340075,223.8936928467309,rice
72.91575995865465,57.18148271321256,37.034960730595046,24.536437568888925,83.40972437700343,6.614710182284758,291.8961128669148,rice
82.57380260244169,53.55672536913289,37.31784353614753,24.14884527436807,71.98043269421056,6.234020556684422,211.21738285465509,rice
98.54564576143179,35.81790717137617,40.55794938101653,24.433830860607017,89.01110339702853,6.7831752899589315,164.90319369091955,rice
90.57040796443856,48.61164653705362,49.6676379417807,23.58673841212318,77.96279285488747,5.7847128432416195,168.32395786308956,rice
95.44099565391043,46.36793421426293,44.94153107092967,26.417044672332175,81.9429191903909,5.532036182104556,268.01918856819253,rice
77.30706691492071,38.148097132701075,43.468669638619446,20.686101528243558,85.30314751777169,5.810736055519988,182.39270278780123,rice
96.09086280308634,43.213988835805765,37.21331269912166,29.00531035631758,70.05671102960032,6.787609189570265,171.7031970480762,rice
73.8997639433031,41.26635491820309,37.6174568135209,26.610576425973168,70.51560299572397,5.522290490846063,268.49769963521305,rice
77.1379481827139,43.094286549050565,37.61369302109266,20.523990178611765,84.83436113908299,6.289128289896801,261.8497912550994,rice
84.2873789626975,54.450425982855066,42.698569364137875,21.090540100038456,80.07677379571643,6.918123464455159,156.50475553487576,rice
93.49680987941139,56.674522693995954,42.82176822069626,24.58042522097682,89.28052366244057,5.591238111241759,221.8472866497545,rice
82.04851763537681,52.152437401555815,42.35403281216338,29.097008291152292,71.469814315329,5.621185716116188,241.244613545016,rice
71.97046699960342,41.87539998894883,44.49615086451523,25.483564340483603,76.50370886637336,6.991941633791385,229.5835256146987,rice
83.61146252726415,50.13566978838282,36.48767692518563,27.017794185460662,87.0558547459115,6.476374997321958,265.3444095157108,rice
91.62519749972797,40.37557665818742,41.773323739479224,22.284935743645843,76.7786323767035,6.180248354361171,212.3984475392243,rice
72.85257517826892,45.66910015652395,44.976617945904636,23.743010234355367,73.05277849537447,6.8844775536015765,160.06999622049716,rice
94.95315665424563,37.33075254259194,36.44846648848679,27.387959984887157,86.23538570554786,6.334556103423025,237.96976241092153,rice
86.84759241976218,43.24114953540513,36.83346928031839,23.535980796337675,83.30681040005831,6.625426375377217,280.21382233035973,rice
91.63182036238449,59.20996563278686,44.006151368370155,23.51646185693149,81.5583703677971,5.819108208508009,248.5104454482228,rice
76.72734607322697,37.705459548181665,47.68060127902018,23.6756105061535,85.25211263873699,6.361150006497194,271.08320567285165,rice
95.35465483985074,59.363665053142704,47.276402893110046,26.13573280535465,82.85398327659662,5.539380747180375,289.36264364924045,rice
94.88382369878988,41.686193128852764,37.70624107941282,27.026987728656046,76.1796937765982,6.009736985165888,150.9158684105488,rice
96.09588119609315,49.15802736903441,41.011765159992734,21.418746541512686,82.66344025311028,5.545985647571359,261.916764300856,rice
76.45398640100532,45.49581234411258,40.113439726539994,23.70053092477004,84.43191935485346,6.665253429950111,235.13903349215957,rice
72.54871119931538,36.31522066063805,37.361148456607296,26.178381819260306,83.47937421226226,5.908154265319329,249.2908039212392,rice
84.56985114672989,46.05110466744448,39.09750266547154,27.549431436683705,72.27635016220404,6.144870450096835,192.4869705120674,rice
90.35458764280399,47.16581883410627,45.00698838104525,20.454173626044277,77.90526792175258,6.398987435416675,151.15306288498243,rice
79.0425808605531,40.280849480507804,37.05852207885991,22.555195040214592,76.56244711875682,5.511594859853968,262.0521185144652,rice
75.27084405627527,44.5051861428809,45.55506895073995,25.00262346556213,86.66708404839757,6.7093002798501455,160.8113244888237,rice
95.85293086067766,36.057556539069786,35.281123048784686,29.211624345024124,87.24220027224132,6.363638741105246,236.00995213287644,rice
91.28496884706803,45.44234899608701,36.72760058995697,20.20856559024749,76.49536358891028,6.701983231465678,242.71878949563603,rice
94.96077739215121,57.994243793534615,36.32194821946827,28.444843598146967,74.86632949645467,6.383306932454368,228.59438145009474,rice
81.87300090577999,42.756864045896535,40.09269921722696,23.33068622493132,73.36265416091373,6.265724926813222,167.10399597578288,rice
85.29856186968917,57.64806828950126,40.2406289820857,27.273791056739043,86.37897203049704,6.722555508625021,185.44032734200863,rice
74.39332654833083,39.931795070599584,44.03598477909749,27.60215295546892,83.11018021037478,5.765719193420844,265.92721338713403,rice
84.82351075052166,53.861145631174644,46.39815724411623,24.48905256995063,88.48308516771318,6.346737675104199,245.294747859089,rice
88.73565338325685,56.6061718707854,44.40826110349658,21.50957401393077,71.36572516991512,6.163312095754427,195.42306527085194,rice
78.24021002458477,36.40430300532695,42.61005327934667,23.10407850606311,79.03827727401364,5.585335076250929,274.7544947494682,rice
72.30193003520365,56.60625084813098,47.829400571841354,26.150083884155734,80.1413563466791,6.194067488390909,233.14745570074558,rice
93.75453391796076,57.39691913892007,41.74600555476359,28.098159176979713,83.0367490929722,5.982290144320642,221.3443541914604,rice
74.52583230086915,36.54684250252752,36.552528159055875,28.991268339557735,76.86875551676535,6.571473323751194,225.6823502251436,rice
75.17676734309094,41.193593089957105,41.56637411463849,24.394217917626243,80.45496070531091,5.738119311972312,205.92779731519906,rice
78.48680735843254,45.21923493118301,40.075507202621296,25.978858623829893,85.78453863127329,6.47095803545396,159.88677814195762,rice
72.83517842545282,51.95948362100202,39.26220460817171,27.23733655002462,83.13128172820956,6.859514045745516,280.99194930908084,rice
80.0008610818167,49.56848786466049,37.12142570876477,23.498207875358442,89.35393015385489,6.547719944217821,208.79369765030404,rice
87.85123684454724,58.45005498914402,39.643728311239414,23.766793060563003,85.83323915727087,6.719777175722202,250.51745999920837,rice
94.86876918683393,53.469366803237065,45.281216604163646,25.263933397341738,82.92049641466976,6.135109549483156,204.2742144520177,rice
80.87793006946133,39.50657307192112,38.212889918133506,29.47668267534347,79.72541841745455,5.839814569800831,170.6348029765619,rice
72.31495252902629,56.11070971714709,36.51711145501841,27.70874720363101,86.70239653269113,6.825523248238842,155.6621238536342,rice
80.10293115892844,54.15769011118104,36.96573562144262,23.767198708225248,73.244944241769,6.747017585033689,265.66467205964824,rice
94.27131158917904,39.138479143601465,41.5651010770752,24.108586114965334,83.52725844377066,5.856295302170388,216.62980647079135,rice
78.54783797690075,53.71341295238591,41.733919445500106,25.340111496982612,76.18935793125578,6.71293580663618,220.3523407548379,rice
95.05340178177121,44.19602395562582,49.20695255366184,29.844397935315772,79.23359956881978,5.922657599055663,207.28086512860656,rice
85.82379365384448,59.156703830148686,47.253368593718605,28.012592241515478,72.76797069206863,5.875004817383511,246.17685543066708,rice
96.22350835156712,48.86351863561078,36.53884597622614,28.458922767334386,87.02332096169557,5.927594521088992,264.4675245437536,rice
78.1837389877407,57.63265522445603,37.21022983987407,24.37472560194981,88.92826526023521,5.833057010360471,217.66919853310634,rice
80.48755234415947,35.66675477007346,35.79885330756612,25.020071146932352,74.71556147726865,6.991788026857437,206.23690101266513,rice
70.8456263658445,58.270647618748825,47.587644314174085,26.499606842941816,85.82761274964352,5.706399381588808,193.03190959699023,rice
94.89284749458467,52.40179971439959,37.08189037727279,27.055361752890803,78.97202947964493,5.507876797458427,161.8838656906082,rice
77.67771785311135,55.874077482059526,43.232063681657536,27.272347853249318,80.55543011773449,5.666780290486358,193.2152367058846,rice
79.0345358375866,36.19373616547128,41.29738315630165,27.93899108639438,79.14227233272898,5.666286842935023,285.77203284929976,rice
87.90217128456841,35.410883805147364,42.73063595314109,22.41938134420993,72.8715368049252,6.143858339655001,242.2214374163926,rice
77.2169271641963,45.4141898802135,44.96556952613014,20.85613954987262,89.49308981904443,5.601518984363269,228.90891679832558,rice
85.21983089739359,59.70828713991169,43.31227928627293,23.904537325600643,79.40270156316971,6.4535061872029456,297.15591338273407,rice
77.60950783207639,35.406055777723694,46.82780024419273,23.448024931633913,84.65882042901283,6.442385443713484,265.72520611647883,rice
92.05560954436933,43.31296520929962,35.665035324428125,25.460137452076914,86.27017731112176,5.762633690577562,266.87138902174223,rice
83.93868699241114,52.3847312999016,44.47603771637507,28.114976818476066,71.2620107406445,6.664285599555132,218.651936617103,rice
78.80327713525094,36.09515689147808,37.992047505727825,20.41905941930382,88.66741959900794,6.273075383881748,298.36840534441853,rice
86.29092092962557,41.33284413006543,46.299363782282974,21.911034307339108,77.13948352070727,6.671262350467638,279.8697415617086,rice
79.95774059144034,38.11187520610959,40.5202876147201,28.894865170122813,84.86615411039243,6.84195624243258,207.99671523910382,rice
99.21170752945928,47.405080663425565,42.46285088740441,29.243104666269637,80.38551707069884,6.7017221311026605,259.06219865139536,rice
72.36781018166404,50.06133247075568,47.3351191930983,25.45474397344637,76.42422856429188,5.620103366612493,249.1378832187205,rice
79.19487568272257,50.06554069326499,41.391741093245685,26.897648084454865,77.03093967543984,5.563532744275195,280.5055762584588,rice
80.57677930925448,59.953764944326224,39.11833040112286,29.800272791942792,88.95808757206173,5.612561747482239,245.62688068249474,rice
80.89933391952947,55.02739938905425,45.19115911722035,29.527893962796078,72.855589367251,6.411359354981283,267.19679546151997,rice
71.04396897395625,36.68083407655272,46.67773060260298,23.663284731071485,77.65708803377555,6.3508669625861796,240.76422432821784,rice
90.37186170740185,58.720588231638914,40.580200677060255,27.630844717985795,81.47843556667792,6.294189822304435,209.7051068928675,rice
89.48682210118095,41.24029132733495,36.70172918877527,27.356748594794276,79.98087920512934,6.080481070058895,234.25090661394705,rice
77.85330029762487,41.50724427849758,41.694096686084244,29.963651121547606,75.71153755396315,6.874718364312822,223.6800292881336,rice
73.67912265711912,56.32065725960807,41.78064027868096,28.986790307862304,78.9022238548491,5.631686111657096,252.28938903759558,rice
95.36563656924099,42.98969430249925,40.21137942107847,20.64939078316071,80.84342722451125,6.836997523530833,277.7043076129689,rice
91.35427312021638,58.18311141807945,44.56550033846024,27.936963838450026,80.17511490348602,5.682043682617685,180.14705567665285,rice
74.16630616115097,54.759326520193724,35.39426040212398,25.54021437259595,77.37822331002441,6.70549258943288,232.74704008896413,rice
88.35845087861563,37.15538704129832,39.639360762926934,29.99595043934387,84.37739319781438,6.2885434822454505,265.3746825562047,rice
94.70018198525172,36.843767822780976,49.58569597270649,26.423385893863813,78.99948991325992,6.520163485974372,201.67721710540496,rice
96.33880454951236,54.506573220957705,44.596908940499944,21.819631365521374,89.32529227868213,6.148927429722963,286.6068406420331,rice
71.66238550053332,38.1040280159753,37.29523200215301,21.64657079890124,76.45321502309112,6.563998198793868,201.90346235128095,rice
98.22712164794603,57.37314792052811,47.689005592337985,22.50605308981999,82.70114182775492,6.326262123224709,168.7755442690354,rice
79.08473818326628,48.33695074420952,42.53859717111894,21.686359017477066,88.83213975737192,5.7312914003193445,248.80993100756314,rice
91.61898305311819,50.12847269654638,47.637950061700835,25.636180344312958,86.50472534653264,5.5425602318483165,156.8192704937013,rice
89.2436120147308,49.41928078693448,44.766949662284,27.66959000916311,78.33173567326492,6.458486788313306,224.70570902041743,rice
88.81492030894253,42.241791420040144,49.34975254931608,24.829448181754195,86.09376308431466,6.5274862617935145,194.61508071446136,rice
72.18919076516038,36.497825823366725,41.594082498806166,24.842511301073593,74.08046027126798,6.409990394230954,196.88737488703995,rice
91.55088655337312,53.354993870113674,47.91166048631488,29.7537412791488,72.61532303104772,6.055810297075437,234.24768236225538,rice
79.57347659209472,46.66181417601591,39.01207511681274,22.479188825255456,71.93623305121143,5.935318007454852,207.6224750252409,rice
88.46132332491906,41.20675700952967,47.979612525810765,21.59699662130161,76.5487164160239,6.366530556840395,196.90723812934095,rice
92.89364125415887,47.45663855149772,42.72087258847227,24.987597083976542,76.17080964108858,5.534764447324527,291.7849206103856,rice
85.16333389071315,59.16716576381188,38.227166337893614,23.528950888563553,71.01080809255784,6.2423413052877645,282.35092145523015,rice
89.62780110668851,46.76467133420489,43.05036123933391,28.471723653934678,78.61855538695082,6.823683596377889,259.1262095039088,rice
92.91570292485969,44.148433812939075,41.00872431522135,25.702816438810295,73.89310603775438,6.329834389931728,161.0297624614263,rice
85.12766587369615,54.11010286768099,39.19581016435973,29.890907006207225,83.60797280237722,5.678216529585384,296.2624223120676,rice
81.81711138185821,54.87243070952364,40.08627949928848,29.389485669553753,85.09930344585588,5.798586822328675,226.3683774337773,rice
85.00233710711932,36.13258381167687,37.055545603512805,23.330407053527672,79.4748830079038,6.185482838924311,240.93907836057062,rice
85.46517196441762,43.199146190913154,44.19602181597017,21.625020458769395,89.8123147512228,6.608979040860406,194.88515137924773,rice
80.09120356455036,55.707234648934396,42.98509744813815,27.087398064354378,75.99581129474828,6.723623249865736,205.25367147986543,rice
90.2141917741905,59.497450779479045,43.7555321277318,27.96754813930147,84.50648425103711,6.532065476804157,153.99707324457498,rice
84.23770642255181,59.17676740430127,46.74355987147132,27.76162025172072,81.55268791728366,6.582100168444461,237.528491557146,rice
75.11536185239979,50.72563102863409,44.29603708251634,28.411671249582643,72.95551416600664,6.521090342576018,154.7355770013149,rice
98.44615512352904,37.74738803334242,35.28406051259919,23.13692483445855,73.0286251623869,6.535750391377788,211.55661139840575,rice
93.24916905421273,58.01302374743027,48.092265633684804,27.358372712686815,71.24562572028864,5.707123728677815,181.1012557456867,rice
79.75148603278164,51.555669992858725,42.88215727100053,23.137525987378172,73.46364847714655,6.868186241386016,201.34905265227692,rice
80.62860965934439,54.29974460371852,45.81386841990939,26.433090999994615,83.86626620059641,6.415114870118128,178.839625370507,rice
77.39557406582081,48.9521662701851,38.37300556989225,29.72910627590569,75.95229130553815,5.933506206105287,181.09166922819605,rice
91.1496477922059,42.926018625461204,40.232047613019596,29.337003747708007,85.90810712004667,5.910186305133134,168.28111585990726,rice
90.29866737347638,44.492354634359565,49.702408059820435,28.183774601305622,89.09217726782923,6.706923750934855,193.56789779894035,rice
78.6289102484242,52.853532187459884,40.19545271143425,24.423761118648354,75.12887950946964,6.218618894524725,180.31020108008948,rice
86.15733771125959,58.325598344582694,45.44256950970234,21.37272954800923,82.31354068828985,6.380245747856223,186.36870576154303,rice
90.09501894679312,48.276037243319976,44.56916860112956,20.524911068394626,78.26602732096518,6.576037084375366,165.0817357166022,rice
93.12298174294838,35.12953616017825,43.25528848669425,29.290996801699777,78.13814903093767,6.902548147894228,281.7599432271343,rice
84.3234556132269,39.986399366690044,49.45871058336404,23.21167702119167,82.91795835780539,6.861905438103434,163.41910807672744,rice
87.2240005952612,48.37880692234012,45.84676517363635,29.366693797506258,88.26459451339704,5.762597163221445,282.336745974725,rice
75.27366122616587,57.99087029627335,49.95757704632765,23.969945742782997,79.90767794643516,6.904913117166644,294.31970701250134,rice
97.7811909368933,56.918579197948084,35.1390075272015,25.679618686644954,72.14601381547077,6.974490832556509,192.68424785250693,rice
99.6729841026617,48.582512088924375,42.40868630512729,29.38560501740872,87.02119477155993,6.202031153509435,178.92170974107148,rice
73.37940283060463,39.062356563493466,41.88371706548541,22.57264880229519,73.72398138256135,6.604926843238386,268.6151496637884,rice
87.03343667262818,53.93206875643903,37.63242370757697,28.561465042734575,87.9408552356795,6.740484737914464,227.29209884396937,rice
72.60213309545068,51.73139633524886,37.7717180157101,21.406118756342984,76.47203340170165,5.872070625500718,189.11779155981657,rice
77.06563758404602,53.84391629453643,49.31052233982369,23.019458396916146,84.45765056801994,5.517153601291252,248.05250506052982,rice
90.78305771268217,36.5531082950134,36.77337271705959,23.068063420036196,78.10833225936794,6.253780706857585,284.2677554724381,rice
91.10671105306768,42.77444870961651,36.76123618767164,29.161303858506354,75.90075200312494,6.421938172215773,182.8692901403016,rice
74.00706346590412,38.82963911722948,46.216022557262846,26.05738948089069,78.3169123086245,6.323851763227547,220.62421153189672,rice
86.12553063079602,51.60236098349159,38.27617433985989,22.474654293085777,85.0947909944973,6.8097025877316,162.28054597099123,rice
83.4024393248945,52.594153128896814,36.171540832211605,25.64168722273475,71.23516095113368,6.321473873066397,225.82305841388938,rice
87.18105022683594,38.74630953456036,39.9217645661331,25.20341541184787,72.32480044369328,5.808102228309043,237.47215176615265,rice
72.72824933355064,47.75938385082086,47.13038124765856,24.53432300179782,80.26495686403283,6.185197713567814,158.66051713987872,rice
83.87134917216771,55.17288381385981,45.84920119737504,23.959487099532573,86.32906451866262,6.6187067242477235,236.74668975885533,rice
71.35869408183487,43.61322166405336,35.95639868168125,29.941236604769202,88.69165597769893,5.603528719240471,290.06633438773963,rice
70.95204613069237,45.221673395481204,46.53458093875224,27.658276829237117,89.56666569848201,6.468821227145745,213.05429083234918,rice
99.78569795742636,44.561990471284304,48.04430427966063,29.067673115245725,77.51291067603975,6.524095531152312,249.2688807188202,rice
86.1790079175658,51.33835246046755,40.21654830708725,21.784736290041117,80.74516972796002,6.293263809316014,259.1787211359192,rice
76.680706478988,35.08683237362269,35.3410299098295,22.983629887029817,83.46999715553135,6.3166680085375315,229.7900412745138,rice
94.70081312127353,41.18780096259439,40.1923960248144,22.756497277951272,88.74820722270134,6.587535918863377,166.9266958149716,rice
94.28434550617584,45.4810149622938,46.49080201270855,28.837566218453745,70.31291592727099,5.809122432775322,165.13450696387605,rice
71.00728827262843,49.944622418288816,45.54929400297393,20.48676321243749,84.81082156959724,6.103398026216359,185.15089177313425,rice
76.5180763053266,56.59325606675141,35.846660525366914,25.038958489409346,75.78526902707837,6.723679385144975,259.72762246740274,rice
79.56711089107576,49.947941856931564,45.08797852155371,23.206651153929833,76.03528870288406,5.714890651244993,249.0318635716115,rice
76.63128221338097,42.51252384393549,35.914364556601434,29.485202550267214,87.59427781927766,6.867366498430817,243.89897064724948,rice
82.8160174688363,47.39051968732552,49.58435353015529,29.41586409831912,83.42685049491445,6.6787068939707765,197.81016859744682,rice
82.48973900264335,38.73044019562909,40.64690282760698,27.544160972381253,79.47037640824439,6.77401139839006,195.11046281927216,rice
91.22730392463916,55.14440399837217,48.72111760723858,25.62385949586909,89.35572377093254,6.335930137298909,170.1139126588617,rice
77.28575548268758,40.08341832650136,44.70058777321917,29.222261045112223,86.94266771839224,5.638695994790296,258.6877068460803,rice
75.71444855292215,41.71153969637453,45.10507880951867,26.029220449890758,87.4724091697908,5.782244940899133,264.2544626305815,rice
91.72915719556447,48.97126190681318,42.19091309706372,28.69473851524538,76.65928621637643,6.93552964079001,152.30005593427393,rice
98.11479289606743,59.05193890286148,36.759742991650015,29.995720070178116,79.57841752684732,5.863889772768612,240.66023011181716,rice
76.13539428933682,57.87816148983891,43.281189388217214,27.755138820637704,77.61323488745845,6.300475191124395,203.88893333273637,rice
77.84684882156058,47.82041350059434,42.45915939651475,20.9860823156548,89.62636913693153,6.2042356330338375,275.9596772345527,rice
97.42991496692467,44.26762303578146,41.20895255867937,25.62524727464354,74.4254819663245,5.718884069653823,189.11611648646544,rice
98.04274750889061,49.47857315093501,41.2636711033276,21.524114101841434,76.5973057195572,6.069759662111731,275.0044072930478,rice
84.97904447107967,51.36519915302554,45.27269918518859,22.573267576348826,86.43183879384713,6.949762400875516,246.25416815980608,rice
84.71786747742347,39.20584114878852,46.92463271530451,21.692657108601818,84.40627061524188,6.232474481881199,287.534908454155,rice
81.68547421405421,51.04523657955916,15.880980773710952,18.304413814482213,71.93394766365445,7.390376222401796,100.09293260358916,maize
90.57355374288076,45.30980556038982,27.638170752380226,20.08290052869701,69.1433912740692,5.5182829233813235,90.34397518158391,maize
74.92802770747248,50.44588089692007,25.001320943300094,23.548674249759042,64.6640830724365,6.475708768006142,60.39674141952953,maize
82.06574243645028,35.296274203197314,22.941264702624757,20.472666634780488,74.54958696465023,5.534285195204855,108.78943325483459,maize
86.96131808476841,55.154192473685725,28.64660048998149,18.963147858250437,56.92627780502817,5.797794971480501,71.51592341949679,maize
81.05823941600865,55.38035976783206,19.00987105014954,21.572067802482643,62.461031669273645,6.312054819747772,93.90013094687814,maize
99.6093212655891,40.646431315685554,25.26062438205578,25.63080391828382,68.07471439118306,7.216438318042375,105.57515101061068,maize
63.74002021708438,44.4816005559954,23.29052159294543,18.505034452160693,55.18900345308261,5.8427671504420955,89.99150358676752,maize
77.35638607886649,54.60940776975278,23.487849419265522,25.721642820273026,56.907236709414605,6.556318371283296,62.55310545702271,maize
68.45668223538189,56.702922264540135,28.313314605517405,22.27950258880746,55.93123941483486,5.648696119851302,115.53508860485539,maize
95.97246603460034,49.08774660119959,15.493526702302079,26.358897251291936,61.28969386453302,7.422938379752011,95.2221662450693,maize
90.0901787938746,52.817784998734,20.97444030592683,18.692437422972112,58.24900501429412,5.980944388608574,110.07903360550512,maize
75.56626429469435,57.413144175068,19.97594759432743,24.80048338068803,57.799011884703944,7.476955915828206,103.4498142056589,maize
80.03171406550901,59.35808318589991,15.805446479210904,21.93379427559149,71.7734931522635,6.1811854929502115,106.14033920192654,maize
98.19433587658663,44.91757623272399,26.603323741969838,18.266630930506487,60.466540572575944,7.485171756901595,89.4362073666476,maize
74.23244790823392,58.52857112426814,21.47771919359317,24.11725372279343,68.2134381502975,5.671388235273471,97.11695341559327,maize
91.92220695210986,52.827713316959645,16.23057014509723,19.387988674789668,69.23354309557233,6.767801763926101,104.37931733859568,maize
72.66712914726145,37.66377294278153,15.077928335550451,20.774407096226682,62.19834994693793,6.0395328864787725,67.95042026965196,maize
67.49567134111508,46.221091925536285,23.321100009133016,21.67239757574824,55.52523808026594,6.2078285746905175,65.58385562759244,maize
83.92175191177091,43.11075826431032,20.778568760939756,20.626626161666888,62.75599118756787,5.6693990338570455,114.068162691386,maize
96.20830297253436,59.45432660034718,23.579406461243092,19.52624631053093,62.61464046977486,5.777680117918834,78.06787592250413,maize
79.72495768843139,36.58167875692386,21.520144038941176,21.789921057952718,64.68462627867856,5.653842722790314,75.10198426733417,maize
69.86360273388011,50.625842194222365,23.90709597058618,19.759934023922344,57.13944735161804,6.109315991502514,116.92940774367392,maize
73.28868861246508,50.50480469686723,27.06114692936074,20.96587544651334,61.694724474939136,7.130950940006006,111.5705080260501,maize
98.96901506018428,38.40311178945662,19.809977330626314,26.525510298145043,59.01702977404143,6.128366562390883,117.87447738568764,maize
98.74900886986782,42.28620378950133,25.42436651508165,22.41906581602892,66.51758563249922,5.984848593561146,82.56331813944882,maize
92.65978061731653,44.823378243486495,16.70831735417997,23.074654577659075,66.84454068500771,6.591258170901645,100.90275798780526,maize
82.00396627989892,58.8251152871574,21.924333342497228,24.375303461304572,63.76909908617817,6.08266241597059,101.57011675946057,maize
92.75862272017834,54.89142089989886,21.137123853673522,22.493728937600643,67.66672079307327,5.984042335341598,99.51977811193908,maize
88.60945565197704,54.726919080501574,16.109477033734326,26.916305529932714,64.58469399545253,6.301610194658747,90.39675858177054,maize
96.81568737913183,52.292721647452694,23.154678050812166,25.116488253443332,62.1905898603252,7.291003030721798,92.21435916147527,maize
85.52721468043364,37.1245483512747,26.534310718800608,23.91841480122689,62.10017638896979,6.793999695966809,62.657801611670976,maize
99.3443282380793,51.936797396604646,20.994266193376234,24.774144999566452,74.31433555427657,6.360911087780364,60.6328663670748,maize
70.34953481614622,47.76690601312612,22.781966502740243,23.224664659716037,66.50470796540853,6.391557103009814,83.46805012065016,maize
90.89368929849728,49.71474891350368,22.50698672429602,21.104706488395664,55.49125306051538,5.709098716012123,84.95852571154276,maize
98.46911462719882,37.90173344897437,29.110142372192897,19.275076591483934,61.23780687795083,6.410665270451754,72.41203957249887,maize
79.31703995117553,46.90406328022909,21.572489074095408,24.270869389712995,61.37818948435401,6.100528166363881,108.6111562151219,maize
64.60341066795144,56.22950020117274,24.719548759165704,24.094253996017954,58.287081857014066,7.467800941176556,74.63477679311956,maize
66.97812931296536,39.00339278038398,23.397734287347944,26.626163595605547,59.637110948228205,6.310094872560506,71.06710650908362,maize
85.61915506640312,45.803361310732065,15.437884115135859,23.52696243634728,58.946488715644925,6.684406316720737,83.33014682134242,maize
88.18942463838937,40.14461198418305,26.284882430407375,25.278568097681347,56.25127502938329,5.703504097454285,112.31875980059311,maize
67.47839342528374,43.149622789970465,21.86325633309278,20.361180559071247,72.25273094914616,6.555430039255565,98.34651513996903,maize
83.87883317131974,50.28271052847505,23.80507071847827,21.13132173693079,71.91035605339118,6.73472535867285,108.82429525565604,maize
88.23953443783921,42.436120867483794,24.21726773569379,18.76276771760725,57.67895539301421,5.735723305323313,78.32280015212993,maize
67.32178073325935,52.33591354291114,22.662373042307415,21.764151955901326,57.75734597069115,6.267419925675374,71.14522195756594,maize
85.42006568234541,52.33582316323388,24.678901426199257,26.999095973067828,66.09825151664995,6.4792840523844175,68.41779210586782,maize
72.58320058643378,46.27502426866628,15.804168939462553,21.23135254954232,55.19166879126563,5.773069429324992,108.9129564392317,maize
98.5531635765976,47.63595049326676,22.424547717996056,24.162270035039878,63.31260870548224,7.179783604202445,89.32197071638114,maize
63.30682503145867,35.77151764107512,26.415849278181362,20.62880918602836,60.49705836547068,6.575217236409639,70.09253864619443,maize
78.29285549093797,53.56295629824467,26.48879332415536,22.947535660842462,57.26421990584046,5.728413302717938,106.50678167183973,maize
92.93131231990267,44.171544302635525,27.339163916943917,18.3744947004321,69.37960482260087,6.592706549443929,119.386543672601,maize
64.09665755509994,55.7517679135635,26.270182421155084,20.679380415926044,74.98625338557815,6.399464685660828,80.91461860933883,maize
92.66914340465755,45.97674758458332,29.909365264779254,24.980684848926963,59.738921107333624,7.12140543367882,95.27543381860863,maize
74.02523364455959,52.76884898734499,24.491559463907077,19.49383455921233,57.78469931853552,5.9132393123735465,72.41656324510596,maize
62.37431334557365,43.77038697382078,19.21627528185297,22.84891691442874,61.47307231709363,6.9081075235103775,77.35999460789662,maize
70.69372265112321,56.45042112365644,29.78232453392691,24.11369384330979,56.90450327628685,7.425543989987584,107.14146289747784,maize
96.75074847319301,59.81215564111686,28.005713856506677,19.14199351752429,72.32157589982313,5.99935448387628,102.68369093035014,maize
93.1392721079453,54.03683968699642,25.143518305499192,22.40512853324074,66.54851058608322,6.037434304174972,84.85350536190225,maize
78.07966890201457,50.84069408375744,28.20187621960985,18.83785305638356,65.31226944175398,6.056451375703567,116.18016684531452,maize
74.76284696301688,58.756351971634565,19.909339202413953,18.022257766277864,70.48270580875386,6.965448053078974,103.85591624922318,maize
78.33797026718871,51.60359552079606,20.373340940114808,18.569976174541573,65.6884892877513,5.9356598700304115,85.77858604111417,maize
68.47405865630952,41.71342095786056,27.425154255732117,21.039796396537085,66.55867280521903,6.632284221834281,89.1202742405103,maize
73.74958482210477,52.06379815233015,15.726138917275843,18.896172677245854,70.67779523681136,6.419163525347134,67.45423075382391,maize
94.30606399714455,46.032148721910666,15.010138972681563,26.622285923735753,59.046364127947996,6.87718376382302,67.91478524304081,maize
85.9998879736261,38.97443657264549,28.990883440888865,20.46617512285754,68.09175928837588,6.000778557098218,82.31062605880595,maize
96.15201075342631,39.13812697898359,20.9451235039835,20.74958320359808,68.98882743049147,5.968287682968839,99.3291137030121,maize
88.14792159056177,35.027157592293094,22.15210062391371,19.19429812835988,59.52381722918812,6.859965450243158,60.55721685650761,maize
87.82388429152195,55.427725672832466,29.82232364196408,21.800825403975537,57.64350302185122,5.641656610801024,82.98419554054637,maize
89.23053527055885,37.56067926123767,19.700272161613594,25.928900954822435,57.74258589487091,7.046920967301248,105.18946805946408,maize
65.32584924744849,59.823503881159624,17.142796002523408,22.77457448892013,55.16949483906019,6.800040426315614,86.40596524679111,maize
88.89728105457289,50.70200095852256,17.270611962664216,21.7053890492371,68.7313233975148,7.2199250492043,65.2012820079593,maize
64.01860449910555,53.81114116369881,23.843608766422697,21.456287184088087,74.26497421106528,6.129007336364339,68.38981132855402,maize
71.07870627779381,37.10621789994967,23.300949476770953,23.400070805032676,67.15186197831046,7.05793930502652,101.42856450087922,maize
93.91568417759837,51.4601342521286,19.52474000365798,22.659742150175138,65.19045132229425,6.995687281962499,77.732523074524,maize
62.18276524061012,57.44781400892474,29.320072670207292,22.4539894794894,57.25487325207617,6.499165082545315,95.63578608826339,maize
81.13146003744737,59.442423696083395,29.803237992647833,26.405319615067942,57.63965761465404,7.221628007873495,94.10282332637766,maize
74.61649851392394,52.073551225060655,26.440889068433787,26.590076855467977,70.40734098449228,5.533378803541712,64.05195415636604,maize
70.48741108648268,35.99567154842974,15.907032893823086,25.103609990937823,65.13221208549854,6.757141392121152,90.06293793042451,maize
76.61727977501607,52.54526596558791,16.236417178869686,22.82908334463014,67.32094111333495,6.05493547146912,78.59441313699851,maize
80.45218793181326,40.0799373489457,27.1209012145598,22.827511556005124,62.81463005936699,6.768588494706513,110.07158815108517,maize
87.24222738836842,36.652877090530374,25.48013822408237,24.569625396883872,71.92936230281552,5.615811888046261,65.17276790348936,maize
77.37934354424077,46.33429605742857,24.13248606641165,20.783610574861736,69.83387018115108,6.981316360468356,67.16658041447324,maize
88.31602428472394,52.53749028059665,17.457489464031113,26.577145815792278,65.46010725456816,7.0659742030874915,103.24593108560754,maize
66.67851816769523,38.17326518702812,26.716859699054815,20.418880377683212,72.72829519481311,7.04286058097925,61.76137507036821,maize
92.2843138662948,41.799514875533845,15.95807983684722,24.41090923380446,66.53303349428369,5.654140062572771,87.31186666076565,maize
74.40495582087013,47.49025014403458,23.503291923576747,21.309190000711304,60.10232162078157,5.705809830043739,94.43473831152339,maize
88.91113493303466,40.71011057883128,22.632373273659702,18.396341165365286,72.25856989805223,5.989102900713407,88.30587537466428,maize
75.31917897469596,38.75211670602875,28.967401157357784,25.71736677973175,66.05729576991729,7.327895339042258,104.43994968639461,maize
76.77477217451194,43.04505036180153,21.243848977519733,24.482591292853773,60.42515916019633,5.655774139933824,82.36849000427168,maize
80.08163770238332,57.548525231456786,17.690165254084583,25.23904217512881,74.6282772788299,7.4081588149208555,64.13558626636471,maize
78.60376711667544,42.057671765522564,27.672697563919918,20.94570829553507,66.06182790648135,5.515938347114911,72.04026920717735,maize
82.55226963296748,42.59773268170208,24.340762858381567,22.175340215224495,66.83381869969632,6.48672135170977,106.35679577703146,maize
67.81689695491293,57.51108243066058,26.407233304825446,20.206141869389246,55.12755765503608,6.32007221913204,73.97986451158458,maize
73.85694790957625,55.98935017240434,28.157979213773622,26.55891235929099,55.029240810711556,6.814607700351996,110.9403592667353,maize
89.0886015616389,37.59872548378899,22.947217335900188,20.143508350687792,64.84057753699796,5.619790151306379,119.8175562064529,maize
88.4660989880041,37.32566595895221,28.819116044581598,26.075587247383133,65.39518436984073,6.901693819397359,82.34951844444484,maize
98.98219160673004,37.12256043791224,16.433655080060785,19.201624652258612,71.39925783788432,5.649660968659755,94.0692436973525,maize
77.39931513739941,59.10545686831852,18.551576021128447,20.34891845031249,61.300178308195164,7.101633643998991,102.04353637929253,maize
89.41411475129472,42.95144298165251,19.079338077486817,18.672186922222316,59.05425252558467,7.059873964937726,95.08248214824773,maize
66.21642205287746,39.1093745174942,21.990826686549926,21.658612967182926,65.71849098180047,7.4292694445004575,72.45817353662122,maize
72.33230872850018,41.625198172867705,16.798703345330903,19.418538393589646,68.7210968590103,7.152773375879299,101.81267899422458,maize
61.613192324346535,55.898118774699654,19.91690488327188,18.820916134122136,59.9643757892251,6.211485511008568,90.80758052272377,maize
87.08733507956288,41.5041698180306,29.860149306118608,18.279738840228838,63.08784452894349,6.404402338802125,104.88470683252255,maize
69.99410512886205,46.551081221905974,27.058451301657755,19.2581373534581,55.23913846338826,7.160744663789272,118.9540342490173,maize
65.22860950175912,55.5918353797089,20.583596157239967,23.672677937434422,67.89370031417003,6.6646476028281265,75.52923914079155,maize
92.50988366454457,35.545004568465316,15.967080540703646,26.122464737399532,63.868626476719776,5.757583097994009,114.30467822280917,maize
93.17424708869672,43.28874728130692,15.640444786356461,22.148954298017465,58.35978417458113,6.647768399613446,109.30112409193703,maize
75.79994752887677,35.737057325007285,25.24819375127524,19.555264906477102,59.29432211940053,5.874302227422323,76.79127325684343,maize
95.33695195574504,35.86623609328765,24.287648232688436,20.21206301320721,60.90210325999433,6.32398441259233,93.04131991223883,maize
62.43916275731371,41.99439968597429,17.058540256980972,19.79512025999928,72.6930503244993,6.55162811650556,97.84526332948533,maize
92.0867233108451,54.87115610754675,29.84105423642301,25.037241901608823,62.182242196751304,6.589035612068104,89.0807691264305,maize
96.50708066393469,47.559831388593544,20.825719118539507,19.618342863280823,61.377551346587595,5.938040376146189,113.74588689685882,maize
91.14153125313898,36.46478075695296,29.872969851458564,22.764890627688885,70.33684336900546,7.499211493622692,118.43879170401013,maize
64.0053734921983,51.42161053440586,18.997905015985246,25.346566454478612,73.34518965140882,5.6118173117048995,119.78352291038743,maize
68.77646344175699,56.16262726162833,26.96086031069113,21.19324171108644,71.78444504611818,7.190441804732561,70.5660220547994,maize
83.70078036725651,55.15525563398471,25.4643984539937,26.225820037156808,55.56413139454318,6.901121606702836,116.85352410420091,maize
82.54425947132775,49.07772227160046,17.823504973578842,26.89205589364179,72.6325271979552,6.484453447790811,78.54318432907317,maize
79.61745680509917,37.25643442127257,18.489350371248587,19.969280475224195,65.52897028297022,5.501366992767662,115.07377115523879,maize
68.05857533408565,38.262238640479566,25.75406449036224,26.269027085764854,71.88568172875301,6.147177622609674,61.31477377461434,maize
83.46436700364838,57.93060368702797,26.61549748229838,25.61832798821221,72.21338933183101,7.4211175005515155,82.41544680500239,maize
97.67692853872167,44.88988905884636,16.515482552710296,20.715886383529224,57.729033377149804,5.815007772033692,116.9216119215794,maize
91.67370099999488,59.01655250921846,24.73770398467221,19.567824038599777,74.37485792666335,6.887120796585086,115.73071253912552,maize
91.47967170382307,40.58093034951606,23.83425233674655,19.57816466991199,61.13646458595916,6.876996879197915,67.64090188341213,maize
89.15323823743996,58.71970260553219,29.230472397748542,21.524412845498418,74.88566261095261,7.430367880575102,61.94296457562525,maize
84.09554669803885,58.025955410451985,29.512975284239033,19.988057253933107,66.31100492240641,7.373375587108509,68.43860208891411,maize
89.8137331240793,40.94989812873492,29.73569482410535,19.510986750764257,72.70640506790275,5.677452025140253,102.53794878871346,maize
85.56410751619516,57.16633788044554,21.699449011466907,20.386911965065885,59.990817262705576,5.635589560128468,75.39947649256288,maize
64.32138404858517,35.03202893736725,20.789056469301148,24.593260450488916,74.3820365021137,7.269103995174455,89.58491960843085,maize
75.14850299097036,48.650599191961355,16.521428394556825,22.315403253574445,72.28101440937154,6.801939126226955,101.22962425302687,maize
66.50626046993953,36.842734739034356,27.686437260368407,20.65417751804517,61.37433815913315,7.403324262868241,64.45202410599956,maize
66.80420812604763,44.386447101999906,25.979776279069753,22.923416327510083,72.96248346239946,5.6862093707613734,95.6418326431257,maize
84.54578903115575,47.06841966221195,15.464898060782625,26.481980322917675,58.29994389523828,7.279506540808088,69.42622663984704,maize
64.05031243893343,40.13876191794843,17.849763863825782,24.274770334266215,69.4407620915135,6.95994801134058,75.9158861609986,maize
71.26092293781062,40.93870712368114,15.744531645577649,23.145928270719672,71.79709009691302,5.807179869033469,81.64973527363638,maize
77.10423829782854,42.363736224155375,24.930303390148016,23.40193975212392,58.99349601521892,5.551471385463372,70.24993150153338,maize
71.6724586418443,37.048402367824806,27.656536115204048,20.775180601059564,62.94934697016246,6.478193624241315,99.6624032847603,maize
63.64547510202717,48.603150730492004,17.77321830813071,25.96943423474585,62.3880332986389,6.3915505415889164,75.79775800097306,maize
78.60231824618602,40.65605700706667,19.028429899094245,18.554754326940895,70.04470284230574,6.834936918269137,65.14243871039503,maize
73.75165546184186,48.53622515015055,29.560583057603637,23.30753798073243,66.07203812315818,7.1815943328605005,109.1043128919224,maize
76.74528299737801,48.387860299473246,28.003410205583435,22.27341949309728,72.63307738835246,6.452524562162937,64.73730298644499,maize
96.11108805356616,52.857642478258995,22.531522054734072,26.104095553244328,71.00900673441372,6.855069771152061,97.21638686095818,maize
64.81127499021733,53.929718890979835,17.593184592097415,26.859311912242198,74.44329756675513,7.116921442638726,67.57115991831239,maize
76.93499597262398,59.70699840842289,21.53089868298761,26.97542304100898,67.54452424464796,7.168216237352008,75.4731815992666,maize
96.43217942926377,57.85434842246467,16.005179295729185,21.492892377132755,62.947099887140716,6.152253610739472,76.57204919443495,maize
78.3262872449046,56.83665633431893,26.798259582416577,23.607521357299273,65.45124020899618,6.339187668450458,84.86654392613872,maize
65.92798965173779,49.6983533320347,26.375660817865096,26.45684986488399,73.49856333518547,6.625367518954645,66.05942656952692,maize
71.4437141619549,48.390837028647915,20.158037678661966,21.698010335692985,62.660869457541054,6.471169584572661,96.53772911714611,maize
61.49862681990854,41.88535355086884,17.157790059400106,23.477897376770642,68.87322506334183,5.57756506496359,113.37445283485545,maize
73.25976302937083,40.93948234790768,26.18624729758704,26.28751484615549,72.94062724298846,5.540465777186544,109.04315551831665,maize
72.12219813792386,42.00866632961604,22.374288200389756,24.265645602074773,56.96434780545482,7.2378000501983975,68.06313125810642,maize
98.96877698413242,46.077765333285726,27.387349976696257,20.424779829078872,63.335454554107656,6.791109622855289,71.27614145355669,maize
68.4556200842359,55.59923585637851,26.11417198380012,24.83543965703631,72.34377941100452,7.1420347847969206,90.91618215657341,maize
66.35889770556003,42.77807733222272,22.60192912854833,19.220848389153538,72.02590681974385,7.258665182719712,61.73688955921114,maize
67.71053787326233,55.823248326913784,27.554650164130425,20.245412351918514,64.12897334256161,7.336062138682232,102.2780367132022,maize
70.95909993897436,55.5876572922279,22.576895624057457,23.718688281682596,57.477457177814,5.561126384763988,82.34800569211843,maize
83.76174373808605,39.43959235409654,28.057211578776943,23.28192223580184,61.99519803289309,5.827027229035702,113.66951521873173,maize
89.95844537939733,52.22126344039886,19.27604064652143,21.479091036668862,58.25814811197241,6.644516122040601,117.89505655213532,maize
94.28444749753208,51.18449729403705,25.16542869136456,20.421752213420614,63.190143929910846,5.540104714999049,106.8182198556386,maize
90.70290913647405,35.22244965175114,28.672731570785576,23.826343987575218,67.02283900989067,5.516927454229743,75.1434264816391,maize
92.20342276781946,42.63649245961392,29.50536665052565,23.784662801611475,63.47613601319238,6.2529509045420015,80.92255195632488,maize
70.07994837111504,46.66745038743039,25.1579423458097,25.418797393235973,62.9430507994424,5.7046242059372005,90.69082304809811,maize
86.4942181010501,56.08209875214443,20.613446447416074,23.826079080581312,67.18100209276034,6.096951852506595,66.4862718351506,maize
62.553482155884396,59.70902414554418,24.608921184219838,25.753424402266475,60.222938158529935,6.922187551143583,113.54242786085597,maize
71.95164447675945,38.748232408853916,26.48211582455435,26.097183402709454,71.1085964526706,7.104727488905623,96.0019980687343,maize
86.42121294724515,52.018893759684545,25.81924796388916,23.898605134161976,74.94938199156591,6.018852545423978,85.11394116488049,maize
75.53099684021834,35.8829751206606,25.621034390638066,23.148381906331572,58.79830320822701,6.953099753161807,73.34179163857614,maize
81.38540406176853,54.62242638240292,28.597897582575822,24.04681628366168,65.14629711213631,7.190838488489191,110.438321675784,maize
95.05979137368442,39.52839644510002,16.464045957190642,19.15149725726448,60.17303701120416,7.1166877382849405,105.77509309915814,maize
67.3227342805038,51.992809232248206,20.034486948076783,18.80369839817495,62.10566792239665,6.988419858685616,78.42511627993251,maize
91.52361747230397,43.282928424269414,18.908388531085553,20.646460094853083,72.0242777642282,6.441073135341361,111.98360218155238,maize
83.34298478970322,58.60752460000192,16.06823606106114,26.00483455323349,65.00954748985409,7.23499550939646,82.90015318833522,maize
71.93423015269853,36.35154926606438,27.813596556050157,19.236287332558113,59.00593181590287,6.318383693504208,94.16421527840723,maize
96.2648373802451,46.43928582653853,19.745751864730632,24.441016104990325,70.5788235486763,6.475161691496215,97.86196633576171,maize
67.07297066253842,50.86247422881678,15.070702521359907,20.461750759813498,70.22386562429999,5.8372115131658155,105.86902416874548,maize
79.58308362520066,54.08922917763748,16.32062015638567,23.530317648525557,67.66975081405188,6.3067869607959,117.91967040780199,maize
75.33265680213843,35.94313296187345,17.991213768421755,21.357912648846337,55.281542374492645,6.144426267696138,109.99371999399384,maize
67.62306839761618,51.918703541927755,24.400303930074337,20.239408105882937,68.87049494340795,6.188699548126642,67.73584802569816,maize
75.34201905230775,49.7167672042018,17.50530280902464,25.414594467069694,60.96404506988277,6.081655583618973,103.66991468680877,maize
83.8547967446201,43.44587878019833,28.319610657555625,26.959251688451356,61.8546567851512,7.302767552289049,81.55505318199795,maize
67.53704135563478,58.70210884267357,28.7730811326215,21.630524800510127,59.56836569671651,6.954337656272642,67.87234658503095,maize
89.36306477246083,49.74232086998104,17.534771128352208,21.29932306259864,68.01080760242449,5.57472685538519,112.59264825596858,maize
70.23156695701172,48.36833585484601,15.728804423726059,26.952122102913584,68.2393983167579,6.807135236801505,61.18450599084871,maize
87.58998993509704,45.41938912948859,20.703806443914218,22.92554146256033,64.48792676655475,5.806254196248872,101.71152175325454,maize
85.21245360651747,42.52791136891981,24.92496864136083,23.96234669300007,60.39954299074378,6.711268673848008,68.22981137878854,maize
93.2261088188356,37.622855922502424,25.78149336774252,19.059611115935155,57.28025105368496,5.71252741661279,71.91879970237693,maize
67.98997544585434,41.5748478903433,22.84719161388871,19.815058709839704,69.06873500492517,6.0907024020012255,62.364342457714116,maize
79.8541885347237,40.19234960679037,28.99686516977816,20.975432545770314,55.05475998114785,6.84326626493041,114.41280265618752,maize
93.40928661052965,51.725548262541,17.237167390001492,18.81074406218332,65.23410693929318,6.947127233796958,66.07742871557744,maize
70.2356841100266,40.779007162293645,29.829988961364062,20.664199608393947,64.28554714472297,5.699617830115235,70.48210853672346,maize
61.577780798747746,42.26417943094199,27.02394154035671,20.814363962664878,69.77080391584353,5.68999694066116,105.4922402904743,maize
61.83556348373661,56.299968126862204,24.95032541236266,19.534610487207377,62.15054808475489,6.3754290335638695,97.30842199995044,maize
95.13902149589894,37.32378288593556,27.224464343047444,19.645824782732785,63.015550285615056,7.424619860299508,76.3099854450114,maize
75.42861959037256,56.2667894509146,26.998486454234254,23.839618354850373,70.93819114070814,5.726113112755292,101.7701924114277,maize
62.34585582660709,58.561674699997496,17.390930962232474,21.74424944967807,66.81500605980676,7.104529568090192,100.70358817495233,maize
67.25042242149209,44.49376947789719,20.37898372240645,18.259346066140992,68.68928266762946,7.177072953094223,118.40667481352216,maize
65.22621318193663,58.00994964095257,16.694062190606513,21.701558373616567,55.9194465075934,6.02322573445698,78.85427669243225,maize
88.18272705922493,51.948223025504106,26.512930774348654,23.189841073110415,66.30024451374783,7.455791115101597,100.19066149285892,maize
73.53202567073693,48.077579380616854,25.508702764463315,18.857179246065254,68.23426525691926,5.997153989701415,80.74496924745023,maize
87.05182273429764,44.62191543516786,27.58549531844681,23.02509813031969,74.75583249522954,5.6091322304553515,98.60392299340877,maize
66.27709493206964,56.22113936940002,27.778067271690993,25.824740711514913,56.497304849539695,6.483295922288803,74.45350900183386,maize
98.80580195133601,36.2587678631636,18.340597847531985,23.789855833409266,63.065539869234456,5.969999999982575,87.54567568489412,maize
92.05045150906889,46.20246464163435,27.848838362670257,22.023613079224184,57.37413704107266,6.494746696133002,99.2023801883023,maize
64.1057328592061,45.30846369188873,23.356965171072495,18.00152743930503,56.817910938230646,6.708406552123595,97.14396922478294,maize
72.18391832414594,47.70844350798662,18.102768732748476,24.043269337012404,74.00710259986731,6.226684955139622,63.25651279833407,maize
68.91672457585258,46.36149956508961,23.40226267659102,23.57782172709376,64.46267362187177,6.814334412862279,102.95481001698931,maize
64.56093433422953,53.98299877697792,18.32620661730285,21.07221403119155,71.59767771268803,7.42886736690868,77.5190138284969,maize
80.87940346416543,52.55240133149964,15.686671647825515,19.47739830934852,57.80898374644498,6.933712225295766,103.29354572707896,maize
64.27846022078076,50.271294153467096,17.81315100797405,26.371946332378307,62.857929798303466,6.414092016585978,106.88522421892529,maize
88.67151657877372,37.6941436821873,21.217055176924955,26.339638774835798,71.7493247497293,6.677622215795803,106.32871041823373,maize
78.02018387835857,51.46141737500507,29.342854824386265,19.211724129875694,64.97657284205222,6.5607286950381685,62.914296337914315,maize
97.4123312332661,55.97040276697291,22.243979453038893,22.57499609164695,73.42324628087601,5.854404877004291,94.7132631422506,maize
89.21978646971111,38.20954455128945,20.81108368830999,23.4049141962487,72.65391727117355,6.508220238706329,83.07975832462225,maize
99.18003040820172,57.89775604242748,26.43561984392689,20.462362919605003,74.27187075359505,7.440983299824201,87.170742364882,maize
65.33487324064374,45.318636820190484,25.500214273456876,24.735841792901244,60.978262699108484,6.90298862081477,111.64245276774949,maize
88.4749742558058,58.38780193656339,24.48874926760896,19.8080017409281,67.48335178410777,6.081158990958501,80.71761485391487,maize
86.89494852205269,59.53338740587168,24.75129581710467,26.624938075246767,65.07786878086499,6.8886239474546525,79.3428838448313,maize
64.61621009134501,43.80594506157193,22.205548835859403,23.135743748277893,68.34314476104433,6.334955866251043,104.87212340259521,maize
93.65557209667647,42.14819950563409,27.709516371308233,25.274743013940263,65.45459972418405,5.550544282508945,68.71960269796773,maize
86.81016715067767,39.99756043161792,26.252775280050805,19.44841854908907,60.7323109631822,6.0011220149163655,110.36290886791028,maize
87.6237940145604,42.37851414904015,26.303909220677475,18.290757449180944,71.28052435108937,5.704960012675953,112.08212241926462,maize
89.579699206914,56.62103713011506,26.136191038092907,23.051434975117296,59.75190945132409,7.068614345741773,107.92930514937423,maize
71.5055461802888,51.61233921479059,28.897272167531693,21.487991837777912,74.13403940023653,7.451645444112253,78.75923885367806,maize
82.08498390132254,35.32413094186596,18.770116925584585,23.585055260506643,70.61849785751771,7.24023618464267,109.79900891730867,maize
96.45945508294955,52.61572672231969,24.71448578325001,24.795969346876948,65.93230273402483,6.706773954577283,106.56880470733992,maize
98.57159292504123,42.35444304511229,17.661388477323946,24.143929665313816,58.739531630646475,5.84759026371061,90.83081116647443,maize
75.08792908210583,45.71269536001836,23.348979308929994,19.17059877103835,66.67972115367863,6.0100322962648445,79.83376732453614,maize
88.38757185265257,38.87014244495715,17.305550753544445,20.90367026904168,56.017108823904536,7.364763731142382,96.9365205659598,maize
86.47560843859756,47.26377352884192,23.59015485832395,21.222770293473655,70.68062897141003,6.1357180107443785,73.19772092565344,maize
67.35476390141436,36.70441172761065,22.57710525684474,21.743381193933796,65.74071905067817,5.683891107878133,73.27188486608716,maize
68.53415240744783,43.29708787259953,20.41196736994099,19.966007572060633,70.05311379109034,6.56099779121365,119.79786495626033,maize
92.94753603700809,59.52832994038241,15.13205544442556,24.02044621194948,63.91334492569385,7.3089929169753844,96.82206582364766,maize
84.84526790494536,58.97242040184834,25.23827041152792,20.888433094563734,73.31864860597351,7.389975340863675,83.15255608704263,maize
81.60949251770246,42.07072485698494,28.670038899429272,25.398981578159695,62.49916084323958,7.105633475016588,86.73341385430308,maize
61.75406643642007,57.45704022264633,17.887685819005156,22.6250523011469,73.96423639296836,5.83478961842699,117.37657238840394,maize
81.51899323857003,35.18326465542113,15.982077331555798,24.03301613528751,70.47164532738553,7.229901711425263,85.45256711646843,maize
64.1570723669468,48.44385535060403,25.541142994013118,26.78601529205125,70.50413480926123,6.793122318636691,116.3850666904988,maize
89.87563302697049,38.84386443044114,21.888378528900624,20.98543837920559,56.75041795868397,5.608536141782882,107.65288721855342,maize
82.32336821271244,49.37405735656979,18.41468452412485,20.32783163092058,62.76065207289542,6.760434529251576,85.98150207835626,maize
60.67563873216565,51.832468308192816,23.02251555091503,23.772804718334758,67.36698717821204,7.011921193390355,95.13648079880335,maize
88.03528125532009,36.81473611997443,28.920716252495005,18.95521987682975,70.7378379532514,6.102701419689742,65.19031328626757,maize
90.6109696408185,45.941903736705626,20.926698873429267,23.946508484165165,64.47975354735902,6.566935527620699,68.1828876197728,maize
75.63970261715961,54.93711532083665,23.18586702961234,26.64120838572391,57.881510749169664,6.854578091010125,114.85013498307707,maize
91.80068488929837,53.233114415396116,20.59695772350486,26.545185931774615,66.07048375528558,6.610139491280524,67.39410953600994,maize
60.201193562960206,49.916372186333255,23.057280728316915,26.52281450305985,61.09382304699017,6.996593173465587,114.21278255847275,maize
73.75406599394587,45.316362400656196,24.688972553401314,22.612974250928282,58.2190871512879,5.941575938714816,110.08490201208372,maize
67.77304861385302,39.53394961934125,26.99490080408297,25.670260149907282,72.02775444850948,7.364739730806297,119.658783025526,maize
78.45060814758375,48.74161524197917,19.35979001280128,18.60626481664321,56.96404802760744,6.95117851466828,89.23142460802491,maize
73.23403726730893,38.20537866489879,24.832094710454292,18.900405515478806,67.39031554308666,7.300237181685843,79.06715623402353,maize
78.0258391285974,50.408560756486324,19.58513234110081,23.257529395606774,66.3110401581022,6.228986871357258,78.97998956977975,maize
77.13229571838365,35.12079706661679,18.692627078182262,19.993731337858677,69.79632431877234,6.372248132179377,110.40660352683932,maize
65.37223329531555,53.32431989378537,28.168287442619423,22.165635384680492,62.17483204227194,6.110943592890671,93.10030956961182,maize
67.03080643580901,50.16569165177153,27.62689493007391,25.728422898337193,57.800033374323995,6.577236074156045,75.794079035615,maize
95.45343328315582,36.91155946393039,16.13099935190065,18.16767265384112,65.14356622571148,5.562388462016618,94.91342942963576,maize
76.20537870204456,49.75090779601795,28.59455366097275,22.964345986735424,65.86938647836237,7.497456350023704,88.32623704697555,maize
91.00788955349714,44.145465752575234,18.349599714365326,24.949303592044167,69.66453654425803,6.081998320428748,87.88206853022717,maize
80.41647973375142,44.919628941242685,22.532509044996463,23.96410640440827,71.95963680207733,7.113080113855797,96.84215859360768,maize
66.63374208128633,47.85341701290955,21.693306657585026,19.612306655177587,73.97423663225956,6.818826613905953,118.06413359025078,maize
89.43679235339297,47.087585393185776,20.38193308268709,19.969372055331256,64.75284296747296,5.625722322826938,82.16611112684846,maize
61.71233763354587,40.16935186793752,28.61589138859441,21.25126228103666,64.39348458020417,6.409286899589777,62.78624745007069,maize
99.2235912825241,43.10177775159944,25.556043792714334,22.692356137201955,71.592943113073,7.169744532434787,75.7989641630492,maize
81.77400248353486,39.34624541116125,24.80512969700826,21.287671001919428,68.066730931137,7.170938135353289,90.99977385323632,maize
75.0531512417418,57.68106066117049,22.745576732513555,21.17608206983753,72.35438843742494,6.473723125348351,88.92660538278756,maize
84.16843921142748,47.54592461176854,17.084524606156947,19.490452401860928,56.54176451482493,6.78695400477662,72.69102624814528,maize
67.4762270323507,44.055573605377276,25.75954062681143,19.064972005411885,59.60692665198649,7.12234525874592,103.21533953249694,maize
79.26066597557944,46.97036606800205,18.160559265776453,19.451216338763633,71.66729992790508,5.5448920763085825,62.58865988010992,maize
82.93946045409072,39.02822850918845,24.443106373322323,18.352717787155353,66.44538598460929,5.611824008320888,75.4955787610025,maize
67.20150158305188,58.955958412113844,23.990362841923947,23.07244232102189,55.372400712744735,6.939094599008177,99.70470375774948,maize
71.33818505622563,37.14371256839361,21.73805042429185,26.93498241337181,72.34604797984188,5.8411335679793925,109.82181448225685,maize
84.033548576448,54.86540175651128,27.30679770195746,19.6369573668309,68.19297500115707,6.029041397090579,103.45120788466535,maize
73.70685098241327,46.336753628502294,23.85893986398461,20.068324084609017,62.709237654836954,5.717140227803031,72.14091294529051,maize
94.38366768042422,47.60898815176782,21.29692519007409,19.346050742638106,56.92597153446409,6.451738370978955,96.88489016882201,maize
61.56146254472513,54.59670587096921,22.54993812207689,19.057647659172936,64.64481870224962,5.760657681554329,96.20847904948263,maize
93.10087114608294,57.42422382118829,26.62305634601705,23.843085615958806,65.44088459323109,6.24075490049756,62.60629700018889,maize
81.19266075758823,40.737156409476256,27.034502940117207,25.106000266358592,62.6247299239811,6.678096172282413,104.4836425369347,maize
90.46156908189968,52.41769007893667,16.46575362520174,19.204947950621413,64.5428247400908,5.965025781245311,111.54319483808469,maize
71.33066672035824,56.91915782983061,21.129700570308227,19.701189123460836,69.18297674412216,7.07884496461025,94.67922874802677,maize
64.71314415924604,35.179851311264535,24.818191812047964,24.189900630999986,61.31803429258541,6.224539579549182,69.28671483370881,maize
86.06303739111726,41.340818155799596,27.82465389401893,21.81205392690027,62.312881888729436,6.051121085759977,100.8363423038069,maize
90.19887602439334,45.33070395739841,26.756826254453063,22.342209813061928,62.40425937758294,6.609822712596657,75.22665872656178,maize
72.26612346698377,43.60890760537134,25.58241911956628,24.622041875441496,72.09997845647194,6.8185656982524065,104.86885170479326,maize
77.86379509660877,52.48278605737633,17.426926765622042,19.93012327384272,63.01121812851446,6.176875692618694,93.03457287580909,maize
87.88229634897841,52.669748338321746,17.41107013699826,26.681132262370657,55.10581266945144,5.682177168477408,68.71970615014523,maize
97.03447151191396,45.8844358638191,15.961206845539659,19.99593220157561,56.600794733916054,5.575510676570158,83.05956062556132,maize
99.37792402525093,50.34913976791785,22.815083148308382,24.40445248538083,66.94945127628193,7.3914317156912155,109.21372406569323,maize
85.61165258120548,45.97430121353089,18.02560864209022,23.911958004361587,71.07819818230767,6.072013023417391,62.01656108377551,maize
83.98059651569957,47.895340788820704,18.475064592270925,19.52534602631792,55.72122266288697,5.978513250574754,60.0172363112774,maize
66.29779043401564,59.92042859568016,26.69509318464626,21.178148970208753,62.902862341024125,6.672160330419397,91.06456205935768,maize
89.4770216058558,36.71542929842647,16.35248786392726,20.560444083327415,71.595296048986,7.330017947896308,80.88571489489455,maize
98.53150660261954,41.912696217428056,24.095451119883784,19.75072673777365,73.5942768162424,6.649813443491629,75.66645034031635,maize
76.28538504428806,37.661623909814416,16.085789557900558,20.64826642021308,73.94030930355325,7.105884485144715,117.40256097511651,maize
95.04452184972268,55.328683740159356,23.623408181608635,24.2477267532417,74.32110911266211,6.62633720760986,106.19803156403,maize
90.2989314018669,59.03096813254036,21.882726440011858,22.146483973180608,66.73653034299959,5.554701395064148,66.97609808645535,maize
62.702170426450145,50.84154493895471,29.912970500482132,24.0922167845859,59.598602771783085,6.131461388057858,117.32674122740161,maize
80.66016868819354,35.24307979286063,27.482655673848427,20.234318484258697,56.86018860324184,6.847395833563628,109.26448136955182,maize
63.041152821347566,58.28490599589156,22.148331811339347,21.18184133594554,72.88632505740414,6.038151564937598,116.82708654380869,maize
87.32429234095073,57.74818647469719,22.484990105455246,19.796998851848784,69.70858130485661,7.245484996816596,72.4067179393206,maize
68.11066235153093,41.24238584867393,24.278953487727122,19.40396011628543,57.13378580210782,7.340376259065979,100.5487274925916,maize
86.536963132818,50.345674381893815,26.463663189532905,22.87326559142722,55.845262534619955,6.464584162402101,97.240048489906,maize
79.69361510816847,59.63403323311121,28.454996597899424,25.81891952062098,64.81610703213093,7.468789365355109,114.96040978035344,maize
71.21066492732749,40.55231957699533,23.649977795211147,18.487333541599057,70.98539835559961,6.456640153224087,92.44607673550962,maize
35.07425636365018,61.81150768557194,33.72677293060779,19.223602534833343,39.53014390474084,7.3964891361922795,78.4028236018572,chickpea
40.67631647178946,50.354599358313465,24.215047714028955,22.067057532856126,26.508723998308525,7.225556192723543,70.38803076361192,chickpea
36.45690201137566,57.11417457522636,29.42690729476911,22.291588301969135,27.318483022438535,6.997540033220393,68.42129928442625,chickpea
41.02137880448902,61.16928883606448,37.086521744816395,19.957406723164787,23.59778457453992,6.262278332997448,83.03570916831848,chickpea
26.85700248499006,52.99609222728359,25.398982138050734,19.650636210198552,28.644375034616697,6.761766764462936,65.83374941350145,chickpea
48.77443762240007,54.48644171796449,36.1133672311518,19.23625093661729,29.99195652223701,7.991123540599203,93.97559661586641,chickpea
35.51020924761502,71.61680988573892,35.70665873387757,20.10023927507414,31.242769041434222,7.135669038410623,75.9360760745331,chickpea
40.716295278819324,51.8010913317205,36.276361384136926,21.335775970464958,32.59724424724309,6.899709638127583,73.38626154058251,chickpea
30.828860631653647,66.81050104442794,38.63689151555536,19.804003778166933,20.3967066722752,6.242474978433408,94.69474335896547,chickpea
48.89349682753742,55.968743319106196,31.517889149466974,22.543916663297026,23.490776714589167,7.560618196198474,74.20436153563567,chickpea
40.1957852044205,64.62481232913085,34.7305232952431,24.227427143967542,27.621419968256916,6.573047153111578,85.26848761933876,chickpea
24.345450148342024,55.02726606441601,36.15434287914137,20.361718169992532,32.62546816651674,7.143275147747587,93.95603087755234,chickpea
22.140322345296724,54.85998466840956,24.564358787757463,20.21814769186893,25.827127055888397,6.534944781741276,85.78577172620753,chickpea
28.13744304054047,63.346951629439154,37.25612967294005,20.542153881753002,31.73839547052021,7.931052065644989,76.55956243494693,chickpea
25.51658597310152,50.693032769495225,34.55544832864809,22.634157834660478,38.80874674675991,7.401393856849369,63.202589515021884,chickpea
25.007313951189573,53.09027942170658,21.275847991823206,24.15083683514819,30.968674876365874,6.052729826732482,75.88050083040677,chickpea
42.94989116400787,52.4975360417206,25.249045285299744,19.086920534001134,33.096653510867,7.770942634192798,72.37482614199995,chickpea
27.421895579455768,58.52525840174267,32.529613692523796,18.918939774388047,36.770355577857494,6.057142586039825,86.54196541215218,chickpea
45.81106452240178,59.75603949969437,29.52309481310747,24.82487081808066,30.811683227845663,6.544828855224628,77.79379729482976,chickpea
49.08626793663639,70.92868630721142,23.54073279959424,22.183089391855923,32.62095045282119,7.271702272851671,82.55937946885149,chickpea
35.703794130635224,69.18584746132436,26.193226562279932,20.43017810114892,30.793362442721193,7.609415532492906,77.67441222306138,chickpea
30.973499658451335,57.79421131813173,26.07145831146178,18.000646424764497,36.307595783217764,7.695892976765341,73.75539668999977,chickpea
34.07593865732078,50.2495133178912,38.441767914881055,24.628702583076873,29.541341409029144,6.018265199152666,77.21741253076934,chickpea
28.787678390071633,56.93646180557476,20.144359700115352,20.615507135689235,28.234717381322692,7.121108717279231,75.79008318480733,chickpea
24.898084859908664,72.11353562310131,27.794465397063917,20.648506421924733,25.25960550892498,6.844478765507385,69.58247259754242,chickpea
42.936148822298435,77.29863210317855,36.15149880855151,22.792482032649634,25.69353709346906,7.485853784262304,92.35234596396148,chickpea
32.38711629539742,75.60446070174812,23.648143580052857,20.027167095038998,32.737854190966935,7.235458827805031,70.88536521806496,chickpea
38.682613408266604,55.63368327632033,20.387907944939926,18.34742450556169,30.699415061195324,6.371875196283051,64.0909395462616,chickpea
28.075853986674367,71.45587826633825,34.5421414089507,19.62967348569169,23.01367387394977,6.98715910639149,73.67651415474505,chickpea
29.347300556091664,73.9838705580821,39.95926892331199,21.245791270424004,35.82849428530591,6.660497294071661,93.74185197072313,chickpea
48.54932125197824,51.68115033205679,35.51305821425047,18.499692863243396,29.402935531974393,6.384384585852906,93.66157151761038,chickpea
44.51752171998711,74.84756142182994,22.439231123715416,23.377019695958328,24.97924721014468,7.542450666054669,77.7184376857168,chickpea
42.12857037660525,51.00530874710825,29.216692706245595,23.39697177453132,30.422782401145678,7.964231702811228,78.91302179966061,chickpea
40.443269601735594,59.363280967522094,26.461263769658125,22.404149778914896,20.84371831189462,7.8748418472644675,80.83705011670038,chickpea
27.599382210052667,69.15560036126071,23.974472636047995,24.212637032304798,37.27315331499201,6.435576498110206,64.5171383726495,chickpea
38.98726897705234,59.735404628902906,23.34720712816572,19.932700306869133,22.392991840214773,7.578287560389777,60.35719423557369,chickpea
21.25980107063286,73.5042572075318,29.505413575233,22.17348598752129,27.427973266064676,6.178959805499349,66.30793824789501,chickpea
22.74204656912639,68.55934575313823,38.61697569037254,24.97881172088475,32.502646604188136,6.119550263218845,85.78299586591675,chickpea
41.039844200690084,73.74398733095639,22.516549153304528,19.628722415992446,39.63351421927667,7.577123651573747,90.26790092805555,chickpea
44.16576129759758,63.16156694289792,23.859305981003168,22.824749861988295,27.163349945008626,6.269464347521905,95.9465217708017,chickpea
34.559063994875395,63.125000124951775,25.89429192881794,22.879264424969584,23.79551672439303,6.373253457898207,73.90658716073062,chickpea
41.97207230368139,58.25973388574909,36.6269918678224,24.40131801384632,31.09040620332113,6.137753166722319,66.20101912301308,chickpea
28.870179836322045,57.90047806686296,27.342254140090787,18.005038801069745,32.760521248870745,6.7580871393331545,67.421371603886,chickpea
20.561595697641657,75.70487865002644,35.520331355958774,19.67150590751215,34.420071253678465,7.31657883475964,81.5582608637362,chickpea
31.62472520542207,65.72209306431357,29.950983191390947,21.8602746507445,32.260784847010534,6.645200079825588,85.63615719140293,chickpea
23.313924021182125,65.69601617579707,21.33359686192531,23.84635350528804,22.595485326444923,7.746985555161144,68.08316114755128,chickpea
34.56110861710086,52.96260759945597,31.42024362709398,23.85409668624544,33.15842516569937,7.051642725228824,88.0525608629885,chickpea
27.678155910019342,60.99062060282888,32.119072484649,18.496117726650855,38.60422073618102,6.4174761869870025,79.65622005713097,chickpea
46.69301975490399,52.39870409698616,36.02039898021768,18.42490131800236,31.160397789400434,7.876487715399721,76.63812810839012,chickpea
31.072059525754206,71.25301354936511,36.472859325548015,19.860709441476658,20.813063045486857,6.140776259220488,72.15618195472221,chickpea
48.33810446021707,78.81760236311375,21.94238500315325,23.076203529664323,30.63322102804945,6.378920826213351,81.04768087174789,chickpea
27.462890871620402,68.75975160617456,23.577957832578342,23.244360505841605,28.303692004994804,6.211028363798311,85.54497199552168,chickpea
30.738900976142112,63.76161777285123,33.304847095470876,24.179768135612584,23.33618637807095,6.360793077200136,76.06228694459581,chickpea
30.125386116847068,54.74529367697994,39.968671441065624,21.101085189988016,27.046481505406643,6.630309992284794,99.65851962472507,chickpea
29.73962325860277,61.15158537306114,35.28368735808742,21.01411650913272,34.51735367230339,7.216826740514078,82.52578811217137,chickpea
26.417844081311614,72.97124658902854,38.52293845185315,19.778623890281168,39.233035512626685,6.894999577996499,75.88362246757615,chickpea
41.789398350118745,79.48869413535644,31.915256532475716,21.623265511882305,39.868240191090784,6.603683307864797,72.01335846912694,chickpea
26.656601104473204,75.67161276524618,20.43402742915199,23.753579457129803,33.79438367818854,6.551914273487212,82.14652613141283,chickpea
36.68969256520305,77.77767350635196,23.09429572437512,18.26415410058639,27.113115065709813,6.27681638695282,74.68331572104256,chickpea
37.464671190796096,56.989824456627034,36.22148473565316,18.64333584899761,27.995964969555278,7.835763606688936,89.3706381551032,chickpea
41.70741580233545,73.78712582942839,23.45804981712645,23.779936710694198,33.79190202099798,7.152464923553396,96.30622568588377,chickpea
37.856936076787406,59.011797615298235,34.615787239125545,22.03398587309437,21.569547918457076,6.111845417646639,90.83606014680554,chickpea
30.437906208587997,74.51425100139626,28.330434252358387,24.07481767865854,37.395730282424395,6.453435342724303,86.11116732641403,chickpea
38.06904902949627,50.343031428878106,35.54837236288095,20.677408735296844,26.095667857584857,6.082364504327126,81.59718917754677,chickpea
24.487400575019038,65.07204831341699,24.415943496405703,18.35363869902079,34.63157147129883,6.785765409038071,77.82464943910843,chickpea
37.853965738845204,65.14188038336104,24.441712563028286,20.02848120409681,27.88644807756132,6.264378090741756,63.30180450554331,chickpea
37.14321771531888,51.479332942102644,27.98382599093884,18.595552912277647,30.036462312115894,7.547650273112513,65.21500699580696,chickpea
24.04612291177865,66.77888531940621,29.757221996086656,22.565739072854182,23.921986007864415,7.231993675188404,89.4267101658129,chickpea
27.387375215213392,52.14931941023254,35.53543797583367,20.263881488093478,38.48276161790166,6.179189296253471,86.86990213798941,chickpea
32.7062180709692,60.44923570539573,26.41476725705339,22.157140043287495,20.48413660670538,6.609637695092786,99.50607667854916,chickpea
38.48662983363511,79.70477546813996,28.84420210468503,19.020729326331942,20.897551018627464,7.636343840263629,67.98740854423023,chickpea
31.21462370961708,72.73201347779187,37.05528290358401,18.78660218549573,21.090760267235083,7.897881830051578,97.06918780436428,chickpea
46.06257054934906,74.60401869289988,20.274665853868626,22.856566575392822,22.225559846329396,6.900123141276692,60.90992460604808,chickpea
26.27028623372606,66.14016373720958,24.0760270575321,21.66286117026572,25.17316006851197,6.966052660689384,89.19694334039156,chickpea
24.240422627718253,70.96265696024759,20.36777025112609,22.08103460328491,33.27056683999287,6.086964014998918,66.81278588179053,chickpea
28.520406231439722,73.67565483522266,32.35929552782795,18.37159674059395,33.095157436307744,6.016668350496856,75.54580588947917,chickpea
28.139311372410127,75.56248834271776,33.2020074665873,24.049975914919674,20.381566478683883,7.734820885708962,85.97644579008914,chickpea
26.93505860413451,61.42103608888544,39.532238797797085,18.697225982897763,26.309119386175595,7.73354549105624,81.26242580652853,chickpea
25.59252162252557,65.01952468606636,29.159725242955616,24.484449811185033,20.42976916428691,6.494784279499503,81.1766145542048,chickpea
30.007089038923272,61.80199453481824,23.140105011816654,20.427459320352817,27.03826164534362,7.250461940502021,69.4481906282885,chickpea
49.34732801733639,65.03754383531472,36.23785720199491,22.380546546010343,37.57354548382321,7.780804172157523,92.59434550713348,chickpea
20.883976953656234,66.64818054790416,25.603876892564102,19.06195726538079,37.94350629938343,7.313863517899225,63.511800685492055,chickpea
31.46621365563225,78.81817080333715,32.24896786700211,22.378672203463786,24.54855954905351,6.480721616341152,66.10996616675406,chickpea
49.11611519285651,77.29206180692513,26.585694767410928,21.795636258441245,24.135145493220186,6.277153053597074,81.65415307404061,chickpea
44.003151774922806,75.87762984740205,26.179967923243655,22.935954714495704,30.476109670037435,6.270504987687831,99.82743200928036,chickpea
49.27330727205798,54.35457184677536,38.660598928458136,24.419784844713924,26.349924216838783,7.114680596187138,97.94406256659046,chickpea
23.55161872151536,59.52792767573651,37.5927624323253,23.08955673282134,35.3087002513837,7.760263800217152,76.56160621678715,chickpea
32.33755289838048,63.29013461148956,38.675370487823855,24.258910651936617,38.66500060831601,6.547592329263047,91.16431539891171,chickpea
23.203142985302033,55.54239489723702,35.24894967465931,22.283871183683168,25.337252260089592,7.134086185877949,69.23645394932052,chickpea
26.96547602808007,70.62133655535084,27.185226690691024,22.816988993129012,29.532044400883706,7.004649174900923,84.18847038411006,chickpea
41.3605738392998,61.21878203391503,37.0425886493117,21.440119179464343,22.750254446832294,6.38651965895702,61.28918212908183,chickpea
42.93616562384704,50.45042781355271,25.397174052923624,20.89130815534204,34.84733323325799,7.976486834925913,90.31106358902517,chickpea
21.98408972704668,77.81309618533382,39.71255279172736,24.069903018470225,29.79885797021727,6.649791253608091,78.30179717766848,chickpea
27.403515225847592,62.146003047275855,20.836525501002363,23.147322459297623,27.60748337510242,6.625794982822995,84.46019498680208,chickpea
42.27403564123834,67.81417404178367,30.50461063405779,24.130480803018717,35.73839724637746,7.041298182447497,78.06438370254648,chickpea
44.810303049780494,51.27247748027293,39.91672743048096,21.63091856811258,27.912223932717836,7.470340163100535,82.30803799253638,chickpea
35.483800492843955,68.91945659278161,20.98590898362552,20.038255535638907,27.960797829091184,6.609108295644477,93.10484030423004,chickpea
33.84041491891889,62.673865473513246,32.26268558487785,18.381826667708687,30.339393005322762,6.284479237550183,93.19574017706557,chickpea
33.550942634889665,71.67940374478499,22.2634317248719,23.45111799313228,38.75684915398479,7.392228283679591,65.4122669676145,chickpea
32.4067791529285,63.52657564541223,23.577571578872313,22.132208327027577,34.25268782612605,6.4038640094183155,78.18732830589403,chickpea
27.502468822317148,70.75152284992704,38.143249260108135,23.575403557330056,34.36749439437126,6.247088433670867,64.56659755296312,chickpea
33.48195254074165,60.88830167471764,30.476346121322976,20.688611619831,35.8213318847405,7.023332902969011,97.99015556570878,chickpea
31.360358942377392,61.418210277834405,35.36520647568777,24.385769451754925,31.309831570283382,7.319060681204087,66.00358938042046,chickpea
46.06455612434611,55.36600294019806,34.24094975759245,20.937071838650372,26.190366108739635,7.537260844721885,77.85032936596289,chickpea
38.79358548984588,53.52661935207439,22.631420636241714,19.419961936956124,32.451206559746836,6.506221950236078,78.34570631314146,chickpea
45.662331692570945,66.305034788129,20.11501097798108,24.17892044376036,24.757567080389535,7.177724654368618,79.02847959212616,chickpea
32.30454097134069,52.38214752105249,32.00204208591178,19.712992200070435,30.946832191662928,7.23953207773917,82.30194593075555,chickpea
44.75757514111048,51.46756399829089,22.965123363593808,22.572938147508644,20.73442103644824,7.707658574468375,86.6798617178478,chickpea
45.14043307377818,58.953246399263534,38.40769396539072,18.343219539241595,28.339138477107163,6.356496783514846,86.8836198104562,chickpea
38.33269268145962,70.74540854242,31.89937972609439,23.5111530567351,23.54838534687359,6.910675656040532,83.15865169769187,chickpea
47.94439458158017,52.79378863465309,25.98588963193027,20.579985978325517,27.578787031809203,6.135333355641991,77.09295357564379,chickpea
36.51413248440456,58.784981400702186,22.69091578156102,22.86233606946361,25.488370855034667,7.054105466809242,80.98584837014835,chickpea
40.87488492035515,68.36161234785271,22.186044688726525,23.108099638338757,32.57957198157111,7.974378527517166,79.34651932837788,chickpea
40.65962834763035,78.0167502436455,39.725568846882226,20.010311126629823,32.17689213868945,6.632977116996944,81.01564901326378,chickpea
49.85073006672654,60.6156003312257,22.594262751086053,21.938440363666253,30.394116003689874,7.263715214993672,79.70017814874063,chickpea
25.39721694968574,68.28217273191846,34.17174135006786,24.854803616962492,20.031618344516623,6.047973595036352,85.01842969558612,chickpea
23.537771717638158,75.4420936571056,35.991287025110125,24.992909050750917,28.280822790487434,6.667584513867647,82.41662019671307,chickpea
39.1251063076417,50.338918039340896,24.023742778601804,19.97138692275377,35.80391005692423,6.615545098487794,80.26758508384037,chickpea
29.717715181492103,50.18393787305879,33.71671577293916,20.389531096610018,34.48793285622024,7.231986685992968,61.164695272458424,chickpea
25.268872647139933,59.9154449627903,26.75873710547086,22.70731070156215,38.323261063471506,7.5945087676578495,85.82608882658299,chickpea
34.44486569361082,68.81601463123067,37.841166535798365,21.75877281480655,26.7021930906877,7.567978066417077,76.55812261336743,chickpea
42.277539384966104,75.05317207896856,25.986874932787213,23.074749080444747,26.310056828733863,7.071770951430774,68.3304988078468,chickpea
40.56479901039286,73.98606000457401,37.7605893903647,20.47516878294566,39.39226584871186,6.560920057307767,61.24692658756745,chickpea
49.508563065955215,68.79532542845752,36.84811549871705,21.996871488093014,27.791325477865172,7.190383734059999,94.58374762008903,chickpea
42.5462062600884,71.15798552136559,26.289987967884542,18.221397510919584,28.277391357242728,6.994108868793379,69.5056898509215,chickpea
33.557189888385864,78.52180249302731,24.322797585293713,20.11622809041358,22.24462544533844,7.569887966474816,91.11161565843176,chickpea
47.40061538501176,63.31322278961421,20.4986954925992,21.378642338027735,30.001086168598796,6.380423357190429,96.9454707156038,chickpea
41.97323200267831,65.70883884512455,35.51066418399482,19.003065335649026,37.435979708768656,7.644277035925887,97.52095386867124,chickpea
40.30151866213687,53.981514693465925,34.49141264506467,21.215578874298316,34.273547808052626,7.044689746437013,60.16439476936498,chickpea
47.970120320624844,70.61156992199808,31.8857516157441,18.609531241156372,29.33751804965524,6.092279540048581,80.82310848420268,chickpea
39.769528600325,59.37442400063878,31.55119668818918,20.185000289022593,37.842711688555134,6.641760739692383,67.70182558493833,chickpea
28.299486160041944,59.57449371504495,28.822312455046777,18.823555871163155,22.986414455994368,6.547273771680302,60.61026869961561,chickpea
38.688348880326544,65.42181985878392,24.131547591467008,20.45222696546882,26.36969823703946,6.283113657582966,88.17414784550752,chickpea
28.498030880261126,57.34475221587903,21.424857424404852,22.29284018461184,26.774777850594685,6.887295276682469,65.2029600825884,chickpea
34.12206737025657,70.26487813527643,22.118538377225345,18.376599130055585,28.529314904200547,6.357965986500346,83.84485450127002,chickpea
37.78268671694488,75.08523211407473,33.98730999914352,22.314207363794523,26.248813023020638,7.6348839580736625,88.51594738912658,chickpea
40.12610796301808,66.00454786685384,39.47363777798176,23.290200548998996,29.31390726086338,6.263590560747923,92.51404070924238,chickpea
47.5906712633221,64.04827716140367,29.111683414934824,22.79134582363762,34.20431804157697,6.93079312846878,69.26776854617842,chickpea
26.713833617505806,75.83288831167687,32.33884174496721,24.390031274737012,27.841538367175023,7.399229242164856,86.60722474167584,chickpea
43.66336119043639,76.47211670683944,29.065661353991437,18.2118489254829,29.506687240732766,6.702881641367854,78.44966734819599,chickpea
25.124046344069548,73.03824544294524,32.08880462865207,18.891758013931273,22.05864420617908,7.6351057844500705,91.87031093447843,chickpea
29.776091848943352,69.48354238366872,35.84861879082294,21.72921896149832,28.01632949568867,6.826883811333407,84.83499355426164,chickpea
36.43847051837004,79.21675193660884,27.676329175540793,20.38499910725405,36.27831409783063,7.1819403980843495,91.37255906468786,chickpea
33.060611240687486,73.61980311770756,30.890537603815368,19.653080234017956,33.25224513852674,6.155788805177316,97.23453036305571,chickpea
37.22564872430597,64.59890919498865,31.84326270164184,21.240359040183176,31.101754024275227,7.64404610462809,67.04696008802524,chickpea
48.67650339136877,52.08822904488277,22.174892676697475,23.69846703987448,35.426867577413574,6.757822026720766,79.77180589586172,chickpea
39.8049427706336,52.71599014497066,36.340671798425426,24.210830756018872,38.0651200942678,7.272265640047779,60.00737361820868,chickpea
24.40176062156589,54.47649295322025,30.62511642150629,20.72987862161551,31.558628297919,6.39133324035498,87.26067151946584,chickpea
29.497931517601458,67.10829223566054,38.26408530467137,20.131850931268268,38.86666594992228,6.869454066720474,99.30321214053569,chickpea
30.327938792919202,52.67862213761963,20.16238504819434,24.904951539434247,28.08394832128834,6.25511139411487,71.76738651466684,chickpea
31.07668680721723,66.46655409810681,21.062546223527686,22.92347887098947,36.415065672799386,6.718489261116062,94.4499135858444,chickpea
45.97038910489933,57.05723511391479,34.04443764540015,20.75987826568261,26.362546192373877,6.765579229683171,75.26260180329979,chickpea
36.35356363904835,69.87462680937575,29.49742825911475,19.317587866544358,27.691901153821895,7.848964085583209,93.59850746906861,chickpea
24.628018726811753,79.92368129031412,33.40132163845735,18.93994213701203,21.43491993075449,6.031415598750053,88.85356929447909,chickpea
34.60104010803849,63.102053472766656,39.80435284015175,18.59264411002801,32.844857991627094,6.83171093255509,78.24114617514087,chickpea
43.667852735979224,68.13288538090386,28.514083418734145,19.25858163968295,30.188298288602333,7.104100060762039,78.00183069250426,chickpea
30.659216916354204,55.57373101072874,32.091465146456656,22.045569505446394,36.93607773347398,6.473499934556037,80.0691521970184,chickpea
32.325134409941235,66.38498781092889,27.339400505045333,24.847634146102184,31.362991554031986,7.40976508510975,64.52657478459739,chickpea
34.44598726073006,70.71491794587592,22.841749598113516,23.11905228111786,39.6715819626079,7.9673367552546,91.15479269010436,chickpea
33.948089819464734,52.34703805819678,37.79830956609109,18.619124455128752,29.449031446972914,7.48337222134675,98.41644187829408,chickpea
22.3424575516747,69.01062992346225,35.96196481281943,20.18749805011804,21.055485442815016,6.687092342004675,91.1410853298853,chickpea
34.06606431023063,65.37989331172147,29.384647842342453,23.136701832120103,28.420322142975706,7.92116260495425,91.92892888027964,chickpea
28.676253296622967,51.059787205245605,38.45729032123633,23.24597695565593,34.53943428173982,7.127412546581673,62.45671052613856,chickpea
34.19481595862085,55.072377228631076,21.032397695827466,24.932553805725817,36.177915593591344,7.248634010960133,71.4726261749149,chickpea
22.475305004452466,65.16788327921829,37.02890512105269,19.944941578539883,22.650775256126785,6.561943862962978,94.31433536319605,chickpea
20.42609030189272,53.34648212875907,23.492276953180355,22.14239087829568,23.02271226929957,6.893306335356337,92.31362765294294,chickpea
27.83757763710492,71.02324617718068,29.69837027502197,23.59560404488237,37.24028856055297,6.685695990682716,63.37605862836409,chickpea
24.352107553678174,78.01825564095164,23.083005970360965,21.471637929002412,39.87171149446783,7.540735578286156,69.51789756437161,chickpea
33.20555025175193,69.12723999484254,24.217134949230758,23.140527776575322,26.901514389265444,7.28452219462984,90.21935725794167,chickpea
23.47983093243611,55.02801190257406,27.97489605489849,20.109569909675894,34.92301090780672,7.504855706132341,81.30083329488674,chickpea
31.394023824522634,71.16823413746144,29.491791615281276,19.016048816689064,37.405554716994516,6.023726080191019,97.08890104213626,chickpea
33.464618708641254,70.35480215751124,39.23525445614061,22.780134176396544,20.8203523006088,7.835424282123049,85.49696605021599,chickpea
48.68550967668875,62.953576358516266,38.36084032834559,24.00848971238832,26.699348132360893,6.53417563143844,63.931071536345456,chickpea
39.630298447052425,61.734612910697294,35.46302030612396,23.243636382315895,34.68626911519316,7.177448582209606,67.79702738522062,chickpea
30.122198092427436,70.70834986713861,23.598333047817622,21.833287887826902,33.456037194799805,7.663378999649762,60.47845644094013,chickpea
22.930962784274875,53.11721854332824,28.91884406678623,19.535914280092378,25.665940381869092,6.386159062892821,60.94801891428149,chickpea
22.758238477307984,78.15516403186439,33.132110371286714,23.84821395961771,39.00977918496504,7.276165770318957,88.32300423318009,chickpea
23.599313293334774,75.6932247291548,22.598145064109328,22.594762402378056,37.997944302544866,7.132137608575822,98.68662035011309,chickpea
46.880048910717306,70.8696090096823,25.06671477773318,21.268689041013605,38.72364119823488,7.277561015687045,96.90781563378792,chickpea
28.29150686473231,62.80950196658555,38.0678298574059,23.389163564077297,26.468082555731623,6.323932063292434,62.959882401611644,chickpea
43.313178508517304,61.48397007329548,26.653094738119627,18.42041053479664,39.11211398434652,6.529329704909466,77.62299331110671,chickpea
34.75165359215929,77.85758894696886,32.206037699078685,19.249095190453396,29.84114588922716,6.287745200703027,90.74829293228792,chickpea
26.55159494592986,69.30014500906684,38.25218445682253,23.007802224255904,22.065742319056525,6.14583900675792,82.85378239379679,chickpea
27.517890507855377,63.37646156968879,37.93024785782417,19.041979928091596,32.80670538557584,7.865787447062665,86.58423345997447,chickpea
27.993094433458328,71.00165598016177,38.092350869078984,22.022481762065933,30.307660059274085,7.879822146460274,79.62717815582138,chickpea
33.08173002390103,75.32147461051511,35.618740739267416,23.497671935638024,30.802574340380257,6.006614720589278,98.16621383704582,chickpea
44.53929978158247,64.46199024942598,31.344877710238706,24.545295312562658,27.17836653194423,7.363671471220673,76.0245919392093,chickpea
38.968175797987534,78.76471660593324,21.813339496456884,21.742384075920242,39.21851044000131,6.160913569348776,78.38557415022048,chickpea
42.995242690285735,69.43377715418946,23.532366090189736,18.275318278168072,27.683273503293705,6.382006321830605,87.83529114428303,chickpea
46.8938209355104,68.91851172346828,27.1852224300062,18.594037392709396,32.65582538217064,7.470648366055854,65.59771807065555,chickpea
25.79278156728251,71.59217104234924,31.85890856958704,21.424627853344177,21.259852616897103,7.081104094436879,72.30923518529062,chickpea
36.01820140293699,75.02750876809166,28.986145550992212,24.97083539601362,20.740853598607348,6.112108906175473,91.51114127666115,chickpea
21.284436003604796,53.54561326168734,36.142074116148045,22.67121492819367,29.16740729512122,7.356155646893383,94.9702157189135,chickpea
24.46860888772864,67.38037136934376,38.496316235070445,18.258143671961264,22.83180944456081,7.307663053558215,78.84878543233242,chickpea
47.54057227485748,51.374050805572246,34.02593622338569,18.91376413479862,23.44498017916999,6.099915994773244,72.29349339626408,chickpea
43.81091313748633,63.685537787800854,23.41378775765779,22.137297425029452,36.356003555278534,6.212662400516565,79.885739861422,chickpea
43.97525667003435,56.6171757272877,36.089070618546174,20.983480247567606,36.23042059479593,7.9643855055857955,87.1359134918477,chickpea
29.72704823035056,79.2755980828602,31.5193402090497,18.961305813872286,36.72854184578246,7.5862033398931,90.56911529469089,chickpea
37.792557591225425,60.0651118300606,22.41490979103645,18.988657618335267,28.303086484678214,7.392591571359744,82.13630919605676,chickpea
33.159836361626816,77.77026591792385,20.813977887238693,18.69977495474641,36.947334204941185,7.224883010627792,91.10646550588419,chickpea
20.468909788048325,64.60902424470841,20.126991571072338,19.255889993033996,21.782824800422972,7.3035115837116615,95.47660567871677,chickpea
32.48666726652611,74.22235409742014,35.45125417053885,22.846508315863066,24.12320437179325,7.2796514074645895,80.92347456527327,chickpea
32.36093973500738,78.14268831339827,32.210759772609705,18.263348483844876,23.600009339630418,6.999775269807127,98.01192256451284,chickpea
38.81574962135038,73.47749090966578,26.957071336922922,18.03199028897265,24.712780146584343,6.235015645423584,81.20796083712324,chickpea
22.87051564877948,60.857039137795056,35.222564784702975,21.77805978471626,24.38552267316222,7.540662566221718,86.37308633569143,chickpea
28.29279751771741,55.81156979039589,35.93225943285486,22.796706280905543,39.371476756257465,6.948825679682416,67.05295269482123,chickpea
40.10427905380868,51.29346804038307,32.897216731934705,19.995451640092792,28.693432845381167,6.668589258444597,92.20614698233592,chickpea
42.752240624982335,51.299524479602525,34.80833769626268,24.474029420029552,23.51775216431105,7.570984036163468,79.40245584097616,chickpea
23.48195256386537,76.85237524702396,34.42806161117865,22.1489466358597,26.519446286419967,6.397502791093093,87.07410183500431,chickpea
29.770548767610617,73.36925836879004,26.522644494143435,18.686448936610137,34.75495732018284,7.739772605895338,75.02129551510964,chickpea
26.619882749064946,64.12970779502963,29.688154318085218,24.233421907209273,22.898825439239317,7.855774232885741,78.19963490309142,chickpea
31.619909116659702,54.09213843742166,34.396424322449406,22.424147818313028,39.51111782635667,6.404421781538298,65.0884705877586,chickpea
40.76631588533502,51.78955158902797,22.730029986964055,23.96155956580296,29.171578499410128,6.342402633433633,73.74304032917426,chickpea
46.59226915877197,68.10907948541376,35.790939300442545,22.465994497160025,32.230561808582856,6.3398709681350205,98.80543367646803,chickpea
45.650120652400474,52.59422996901635,37.139475274349564,21.42449378993655,39.913286747998384,7.183161742590204,93.47956104956953,chickpea
28.375126350187628,71.90053263934934,34.723577182382115,19.726579239478855,26.545918946601258,7.158934060072998,95.6729051254629,chickpea
37.75314896097459,54.46909105340124,31.47401569757637,18.035543068680187,39.60368082586291,6.080117359627389,78.82610521718154,chickpea
43.05819172506399,51.008616632006536,30.622434525835537,21.354885374516364,35.96035028944217,7.642582641512144,78.09765472867639,chickpea
27.21534477541406,66.75460899317534,20.248459829860902,23.122503987299847,38.99867791205741,6.265424003577317,71.8316171285696,chickpea
39.42920595384054,52.72188514827121,29.595659027849972,20.133856215571015,34.06608975817007,7.715844222461891,89.8914678644121,chickpea
20.732404211853616,63.645223929828546,35.43670015612601,24.1193932661559,28.10720744504716,7.579717425578115,74.8168184241089,chickpea
33.92887362179951,69.0020690861412,37.20765301992074,18.494890143678745,37.86868880551317,6.665812276764517,61.30856701630055,chickpea
32.777067591150406,58.09368141697085,38.92190987058002,21.797045745153767,35.88957506524718,7.575383688280958,63.23836166276193,chickpea
46.42541743867725,72.07282355403376,21.096233504226277,24.617255608514164,33.493059331773296,7.775955811911263,64.4386617490515,chickpea
30.96772576839168,68.57400351186268,27.31142287946239,19.226871822306578,31.175809160601148,6.134011828314636,88.37348543810114,chickpea
26.141377792896137,79.43754866754927,24.772654107158456,18.794903751785075,29.569869300332673,7.878295864943819,83.20477541420799,chickpea
48.77311193261525,56.29381926801208,34.90033429278223,19.578060584092487,27.054233386804615,6.5347157046730215,87.20906955687079,chickpea
28.314360019816455,51.901075401786066,26.904531635703243,21.403588336036734,30.533651982182235,6.245418868514356,88.39301154968275,chickpea
40.3492487576706,65.98566395777118,25.845287062522527,22.34665887487695,35.998077343896995,7.890730644661532,92.3518350655092,chickpea
48.22627661000125,51.96882773675477,37.838064265844075,21.205118839525888,21.603408067030085,7.795891719740805,71.53490750737681,chickpea
48.698807897481466,53.28094761776169,25.51885472417244,22.879574775961625,29.926574699654886,7.749986279074195,80.8275055742576,chickpea
38.818285917346984,58.79508325827196,39.39149211084893,21.79004470647909,22.640547375962868,6.693400493564158,77.75440208247579,chickpea
39.340533246431264,58.74550391489133,21.25899017185518,24.102555905386236,24.646561270199346,7.894897423976965,85.78688124891441,chickpea
32.35075188697232,60.28377435857665,32.9210245291627,20.284144896291487,31.867145101108452,7.39372716143975,93.6763148154225,chickpea
33.35768911048928,59.12247014803849,22.639085039240406,23.52543783296246,23.43474250871952,6.5200149152693445,79.36972450372645,chickpea
49.121721451315196,73.09249211374976,20.946378729989878,20.471846267511502,29.118530743750014,6.3327261450682615,96.96526561999019,chickpea
41.35436517044529,58.557397465917575,39.464121785068414,23.87532173809989,33.85718537937271,7.332711931980509,66.13939200677117,chickpea
27.137159731295107,51.234543694654036,26.332516755837972,18.885314584420772,25.208143944989462,6.368993166165879,82.49948969695997,chickpea
21.0406726596251,59.5083129356852,26.876940302244456,20.610404552064864,30.79733192555095,6.325195216143771,72.06239078089297,chickpea
47.61301927825627,62.13686993667534,29.988338316756213,19.017687206227507,29.1608147215562,6.640435861886341,60.17177223269646,chickpea
42.15484944272315,79.26803108470344,26.625612921602123,22.93815949610545,29.478213473555066,6.579654365325057,97.76038102929641,chickpea
49.42069336639324,67.21182748680287,22.941669493850494,21.956620604543435,38.137615758522166,6.884211068431801,87.56587925920356,chickpea
41.949215638409825,77.00523407163044,22.788465869129947,21.856719932095203,26.161644015430745,6.8032598438489735,93.63507664810561,chickpea
33.37918073476707,52.774433939091814,21.100672723077416,22.4891885695312,31.668628830676354,6.444287714083245,97.42660306903574,chickpea
28.337815075155124,50.67645939072733,30.768245883204248,21.11820657357159,33.43115552628393,6.174753874180309,80.47150087190377,chickpea
25.83350118036539,59.53273436498013,32.10155643694935,24.603815148713686,38.168939004356616,6.722129738294452,65.9178375351321,chickpea
45.61412209890197,61.08889901327624,27.456623019604503,19.992552559185338,27.027100668562255,7.955047256433606,94.97206943065912,chickpea
22.6279589270864,71.83560070867945,28.88440724336023,24.948180160740527,36.07371009029513,6.577268036660408,92.22691140413303,chickpea
49.110820196060146,62.7149659533662,37.92857653114107,18.976973808173693,31.74360135166879,6.172155948633541,68.31135162807439,chickpea
34.23839390018189,76.02577459632629,39.73276694646727,18.462810468167596,39.2019059644161,7.5122281070913735,63.53793114621009,chickpea
32.28381916257873,77.43231488913197,28.29028027875617,21.89069691475361,34.2049401354665,7.51048749558437,65.47708159663009,chickpea
25.58019254333162,61.45308597895425,31.077338530210497,18.295630401071865,36.52496610611571,7.669170403260115,72.15657517138138,chickpea
36.77843170013786,63.903555026170665,20.536800293806127,18.01712672470635,25.253540471221417,7.912053192266154,93.36972285406614,chickpea
34.1762350777187,69.61438916606757,37.8537305128111,20.920097405132697,29.8377300660004,7.375686371993807,69.79001046074706,chickpea
23.580639905792108,58.31651102596154,39.88665908137341,18.46707378471076,34.91131147172443,7.162131540186493,82.62298358561651,chickpea
46.050377545784016,68.83988142443735,29.520814265945365,22.85971569067214,22.391673680126996,7.025051738812882,83.01054746435436,chickpea
45.358402041987446,54.88541698045756,21.17020787986176,20.237767780030577,37.56634528834865,6.270994787773273,66.53235407259712,chickpea
28.180110609791452,62.585420154686375,38.242092423909355,20.491890261627766,25.79712395245792,7.059224659784832,97.45268078947862,chickpea
35.415994791794155,72.99327313036396,23.664949948294367,18.661560566658807,35.05257012950419,7.087424670496685,94.89772537833763,chickpea
44.80465989820544,70.54901453849908,26.021446179070914,22.79810603622923,33.76693283953111,6.191666819668119,83.20186565864961,chickpea
44.69944450491313,50.38692991516354,30.3634149255481,20.611099365738443,29.697980495094434,6.680626182569673,96.43151913971577,chickpea
23.072535742344606,54.63664744124924,24.422270034488072,19.31891749475708,37.94113465527523,7.226856718803239,93.25664727464175,chickpea
35.769584740564916,65.96286960971663,31.02225656841172,23.294147205487356,22.279334726534227,6.920982717216479,63.05601302282979,chickpea
44.565342321522266,77.70229258031682,29.590364597471044,20.181014260927995,27.251371314974723,7.634077406554489,95.58905541526727,chickpea
37.929459182125576,72.90768637585151,26.840902592570654,22.969264180457515,20.5751907444686,7.629148216822697,68.8943139102204,chickpea
45.70445627590513,54.270780091296245,24.531488613401102,18.877409267938784,22.6043650479778,6.157209924233035,87.63272546619882,chickpea
43.52089169138421,52.332058925659894,35.49384616080744,23.30133824064383,20.85033881609902,6.215634763729463,91.72220726602937,chickpea
35.40437577512328,51.77795711213701,22.37844435997744,19.771087298564392,21.324947223312527,7.335172847066408,90.18201085820901,chickpea
43.47112442339812,77.60294212440967,24.10802373105333,24.30822407007345,23.69563649156699,6.703067332942174,63.631172521578364,chickpea
45.375845673575554,78.25534938515179,38.97583210166564,20.43485579241382,23.211146720519377,7.001268830609353,89.1421635785569,chickpea
27.25467566510496,67.1070607159295,21.982113692102804,22.04693574713698,20.27968623173814,6.433996151623303,67.66190080769772,chickpea
28.455703743943598,77.0498087452392,30.742529780317682,24.81505932716612,21.97371437016608,6.428030772812324,80.16781087258363,chickpea
41.23268272162575,60.99389076936235,31.78761142270651,21.077660804351268,39.15495471765466,6.3616970752886255,74.19289379754696,chickpea
31.388451700827147,56.42822001447924,24.55108425134092,18.78991835065086,39.69225500736837,6.247230804948534,64.41264644853102,chickpea
24.077371097165944,72.86821038154895,34.094618303816205,21.899924859814018,20.81217126283764,6.656230814661276,64.62890427851114,chickpea
28.508343277188935,68.01168525282466,26.2401382158766,24.8332533306452,28.879117403309557,7.107831782211099,71.62357300071785,chickpea
45.660970008662716,55.66354957001815,21.392183139138613,23.887407925852052,29.5135359375301,7.35826221655967,67.17189133548314,chickpea
49.96169977057552,64.74945120634783,22.103437691386006,21.0664084528285,33.170965265708965,6.170011820185451,65.73470246637208,chickpea
32.018728635095904,67.71671696996037,22.034443131302616,24.477032208792814,39.55706658493328,6.129420822318047,99.00829976769876,chickpea
30.158949390112642,67.84882489830915,39.813226372642674,18.859335173890646,36.76218262682917,7.450401000665279,71.1407332911542,chickpea
41.40481422080967,67.4575587198846,25.45945581142648,23.526449126056505,32.87662356245891,6.800471057833691,79.03305133184105,chickpea
38.09496297317865,62.133307975722076,29.690657185228844,19.952234432336827,35.359991111551935,6.216073336037845,70.02759441415708,chickpea
34.918213463758335,68.85113088989326,22.692167614359185,18.697223731611583,21.05704841469414,6.136457346351965,87.12429762683776,chickpea
49.16217651495986,61.47898948295055,33.58408724173246,19.069156558210167,32.43933523047456,6.192667257192305,63.06069036158341,chickpea
42.548292395461104,73.02716325793881,35.85462830454436,19.413522281161995,33.24186466602967,6.980500720512788,70.46661095095817,chickpea
30.308469491336105,75.79016935986184,30.932400676260947,24.66806346437152,20.63197046379917,6.860812811257327,96.59756634209576,chickpea
31.508896302457643,59.43677593459359,27.526731259011648,21.21759367176792,20.657195922265824,7.113333100965783,94.41442810874655,chickpea
29.091337148405664,71.18177611324435,29.829592172902988,18.941417695486678,34.31446379260428,6.974909853398966,64.37527971531605,chickpea
40.25073740420201,69.80235767821608,33.70748334219938,22.00547163403577,29.51822110448113,7.708702939097746,80.267401950281,chickpea
31.741544588668116,64.84073391356583,39.41741516855325,22.31857773464482,27.055275405417497,7.955565888947808,72.81931133908748,chickpea
20.844409597768653,51.353553562208575,36.73868303990514,20.442137514553025,34.84114268183216,6.0537996853171885,95.65371561800032,chickpea
30.23769573433102,52.9205014768574,26.90286055087231,20.50156256469717,27.025385209388915,7.32248001164539,69.90455723840657,chickpea
39.4424847465976,67.77595000377485,38.20778037428725,18.45850165249839,26.09824912465681,6.675188514139939,60.78847960782552,chickpea
29.783505135188463,63.82728159228737,37.267370435964025,21.976345834160735,38.02819690423796,6.533237770503793,87.83833905151482,chickpea
37.63967700799624,79.57294344526105,27.55475186859869,20.732105532712858,31.45077289607013,7.616653136735538,64.00226732816218,chickpea
40.25333885980584,60.07902387456552,30.055370451727086,23.35432730370546,26.79078849652815,7.229655747108473,74.533372214266,chickpea
33.07973396817415,64.90855134325717,36.946681883053074,23.51004726087487,36.807609774222115,7.071668046922685,71.49422236238571,chickpea
21.425940833386836,79.88683080081358,28.040547043771,19.58120183923845,34.85776051252202,6.183915670479935,93.76747536009348,chickpea
22.8420084547694,60.105141834921746,21.34539553022806,23.608299700300734,29.505367342696474,6.419478317310162,91.82606997390437,chickpea
39.546104406656085,59.055410438322916,36.08253423868254,21.03037339183835,30.798951583110238,6.400153970931683,76.09203822948479,chickpea
124.99855503897942,46.33071513316785,26.451633223991372,24.347811061528738,50.46508305293395,6.90666329139805,93.13549033796002,cotton
123.07373180961717,40.32382012546178,29.431756119121758,31.648704142833793,61.6823828346908,7.374325851171111,76.63596675132717,cotton
124.57689191483695,54.22797912859094,21.50586727276101,29.359513755485384,65.66896178943695,6.544539171466947,68.21373345795523,cotton
105.90974755298315,38.76181635007887,25.279599550984436,25.90358377228369,60.88471960467477,6.137306360307126,91.51071902779407,cotton
102.57710118112787,40.088951037445476,21.186575695902267,32.70823915847823,66.1510663406149,6.012893269760235,80.06161348377535,cotton
116.23463756992919,37.83896441570711,17.878740172204097,25.192625927638872,70.68072060319419,6.428319401821231,77.99125052664172,cotton
117.44531644046876,51.173051280091634,15.55505602083994,24.071660351345358,53.4107657203715,6.016793694938269,90.17690914786309,cotton
126.34682850560728,39.39963054736961,27.78781526262675,34.529229576827305,62.146049138574625,5.5398174830574884,92.97920014579053,cotton
103.35718164262317,50.03999350554853,28.007576696229915,33.70747350466363,60.17517128899195,6.226868490452648,82.8715301624385,cotton
103.61225169804544,58.579053550923334,25.863516797432705,23.827281974766663,52.798309097247824,6.968960814181694,96.64677236998179,cotton
120.87830235487733,55.72453956686328,29.245117505093944,34.11022312811301,56.29520146110116,7.269129724655282,61.903842762046054,cotton
104.89107333814826,55.1671811404471,19.93928866449753,29.596240867555682,59.748766721383035,6.996748458504065,61.79690395873043,cotton
116.91475993931543,38.60694771759473,17.6273138315352,34.609005187221726,60.98688531823001,6.008611840946971,79.47404721972548,cotton
119.61434320612847,44.36762461431654,29.23066334198728,26.114369303693515,60.59453291350121,6.865476895069282,98.16576699828124,cotton
135.17734163530864,58.424307283928904,20.44497018403058,31.303725978587646,70.53413415479872,5.542148420891129,98.3402579669764,cotton
124.23258931482118,56.03682416294696,24.933351516605313,34.23102759354368,67.2670613820585,7.07760542141793,61.98379146046299,cotton
122.10911613246506,42.731712542278515,29.37725417695382,26.717116279460804,70.3062574724198,5.744107537491779,93.34764675661248,cotton
134.30588556599702,44.71177537140736,28.646836499953416,27.108682387006255,74.44982136002308,6.011067380024317,54.512516385436946,cotton
132.9083090295398,40.886511373784934,18.15579736896791,33.573207460961896,72.89727003105838,6.762705405312543,93.97336237588814,cotton
130.66963602436468,45.15722039888006,15.508225218285231,33.263779647955516,70.57994450991166,7.380990840370831,73.55456416940018,cotton
116.5184527416519,56.02908665923815,25.76079026859619,33.397895954110474,70.50603276126004,7.148801731472363,84.92410937732834,cotton
120.25338055681206,43.796408664597294,24.03173913015778,32.57456462920055,68.44463801510042,6.40652350627199,51.367544666668564,cotton
102.0839529160776,51.03981278533854,24.45234512277748,32.283251131581395,53.40230558124851,6.301323699952294,81.41481366215181,cotton
112.54887210601846,37.05580128558505,17.367336591661374,28.712756583663307,74.24161467097836,7.161242762940832,88.1581351645637,cotton
133.87841719210627,52.14383445872296,26.889634423637936,26.152188680092756,61.95913699893389,6.970344217620936,63.03399397934937,cotton
127.49867486745728,55.66921523354583,26.99293001910269,24.58262835515429,60.362410613819875,5.863778507612559,93.81950064648689,cotton
137.7902861936924,57.10853576108637,18.36730700217947,34.32541982306995,73.07780879708565,6.794213378608274,81.33136787589909,cotton
136.27379122047918,59.35318929374681,17.973993040075506,31.116395004643508,54.218898909126025,6.302069822222054,71.44516840591756,cotton
110.40631119884586,37.226531684032246,20.51880231165769,34.31416560988246,52.933762970215625,6.93716684767362,71.75793676575992,cotton
136.7995619560137,46.342696627091144,25.104150641055668,23.540660537170552,67.83909279911693,5.88108833053786,93.09683621429369,cotton
131.28487773722495,42.19904932127204,22.412522366129625,23.692591306619434,71.40844319138787,6.700165572994449,99.7603724986646,cotton
111.31868980130793,51.92971627961158,21.274964866828533,27.310813324913575,53.64857130288577,6.080385923029902,63.08997319470555,cotton
124.7072096022894,57.68320587432346,20.544566092964605,30.895472119853366,61.45410278546413,5.520640484524989,56.660246801169016,cotton
112.92983918619132,52.325588948569205,25.302786739045864,31.273367337774044,67.7113291664591,6.972208210784136,62.811279696619366,cotton
103.81117688328027,36.468807841113325,19.992938108488687,25.052938715533326,72.70566343409972,7.4934788734670645,96.9660970087318,cotton
138.6883937723185,49.95580164893828,26.223627605645316,22.59165433101127,56.341422070663796,6.739315753891136,65.12536778208758,cotton
115.78787257410944,44.27253032703665,29.52086715685866,29.27428505222965,64.51217274728646,6.020583304313816,75.18733609201007,cotton
137.21307764624856,56.947418799267126,16.978793005233406,26.125126028309182,63.260595022315094,5.783591468042225,55.8421028082332,cotton
101.76648645952838,38.19678736835916,28.075193387274236,32.852452491618756,68.69558419298235,7.352474084944815,64.14627540960635,cotton
135.07745542026055,50.32328926577962,26.4234587840792,25.428853226606883,57.82525789659012,7.285343619659302,65.77714597317176,cotton
139.7826026354059,54.091885341340806,17.268971192353373,33.08943759647821,66.4354869419061,7.096440366506421,52.66110941354928,cotton
105.94483228163932,40.74651363923053,15.537933722538597,25.382911526607085,67.64907156436385,6.372859733045459,99.76008716790945,cotton
137.0882536455723,36.01979271350795,20.347801743688276,31.217378849469934,62.12998786154384,6.4859771000220015,92.29191754749564,cotton
134.67517201544456,38.09135585084638,16.403668173074763,33.2862504250818,54.516374102785,5.836590003221283,75.43688819653234,cotton
110.91166215039712,57.27236305608184,23.78516102720754,29.586116082773053,74.29068386631565,6.552030813199991,78.53939055672618,cotton
116.65675965559876,36.92088656987202,26.523801404771667,30.799810709252714,72.18419245046708,5.551924337212462,84.06561724146249,cotton
127.22557637750832,44.85424506916819,23.85507746739109,34.3658580510237,70.92443021452769,5.807550937367596,54.05316183724745,cotton
133.22796902290185,51.488483078750804,21.810832727144295,34.41761990264907,64.85510648377357,5.511610721490188,98.48852569008133,cotton
126.24691028069402,58.77239921188019,19.873732024515242,31.510087825340584,68.3579889883992,7.414805558279655,78.45792179156847,cotton
108.4546744415995,36.21705621509961,24.654660442801642,26.20122100692921,51.38837559964507,5.6414481780999335,97.5950094320966,cotton
115.25563719646662,44.971462423943706,17.670162011691943,34.54564102755045,71.63788776824572,5.678376615353108,92.61729166217995,cotton
106.51762735501018,54.48731362864305,19.274038334991932,31.783261361774965,66.35160747061198,5.741203968205253,74.54225488048063,cotton
117.29433677670039,55.15882989795875,19.6515196081699,30.904505244237757,53.282166711808046,6.831040592433683,91.60264371613295,cotton
120.5061290263746,47.24057589572713,28.28119557962822,28.19371592618698,64.07642692333846,6.346141160878872,87.82453217451882,cotton
132.43977438456892,50.34669458611977,21.511588837655587,27.538222284677005,51.01095224047852,6.183489694793102,73.17624378071727,cotton
108.96920849311668,52.15591339648431,17.32604551285516,28.439189298857922,65.73898953333969,6.549355567752869,64.53515122391997,cotton
117.49422075724098,57.68019277631206,22.16417047758325,23.931885002511898,53.1947437085796,7.305807237333188,92.07689771378543,cotton
120.92368228069896,42.38704084763968,15.715924115962645,22.9949227565894,51.12737259146097,5.715264342883998,71.24567606040068,cotton
103.77937449951663,51.521381348429244,23.52717315548935,25.29394430384747,56.37150510876772,5.663539123067957,75.17222837219711,cotton
104.55741963997964,51.53945808538775,17.693282937948826,24.36870574919751,59.82393343844613,5.666581130269938,93.83776735677516,cotton
111.90590063153098,49.680209704506154,21.824972229900315,30.713378264377432,65.5952598541666,6.03014877947173,98.33598133851287,cotton
134.85379272997557,39.6797933450096,17.77631086240193,31.71138115054682,65.10132183494375,7.243231589695942,55.31653293736238,cotton
121.3750401192651,35.14617673958351,16.750173905488616,24.23255956564406,61.92799684780892,6.8836124599738655,93.43902604941914,cotton
138.63215230233874,50.04718600323636,22.300837409064172,30.04049186833741,74.34804730429218,6.221457566181753,83.69015714643211,cotton
127.61173417422243,44.87493094143285,19.539849879700892,23.62616336909295,50.34689795054534,5.723825004934791,50.79426232577578,cotton
138.82081454641255,56.47530075662123,18.13844220501749,30.432101882152292,66.24349565092106,6.371576947600986,81.30295755646726,cotton
131.60046146469787,39.77286131793513,19.513768043710417,28.024532220707485,61.849727187655716,5.5436336564490025,58.30527465880488,cotton
106.09688959681426,52.5649526427064,29.458003061083723,28.129359582477516,71.49491113601556,6.670452538767899,60.066921001237404,cotton
122.77721846981369,55.84596332008641,15.763832703290513,22.102365652729763,65.76024700843348,6.9261856292454596,98.97434689688902,cotton
133.94465044012762,53.42695783426264,23.937593258665338,29.205958828235737,57.2693632984566,6.4749930262517985,74.3050480311199,cotton
123.64157102245514,50.28738232986647,25.180018757105596,32.61696008055839,62.19753739087019,6.928580657552253,76.4154404472633,cotton
116.88018190157513,42.89625375592256,15.952658534182108,33.607403549759866,60.428436452362796,6.446675943090629,74.73944001745309,cotton
137.55857904141538,43.669102834225704,25.46271660583802,22.270490021238732,57.20026953634045,5.8844025950020615,67.19236949015806,cotton
109.28412452567694,40.492558626021946,28.636052312512778,26.408988982309122,65.0525033201005,7.184934269118297,82.84790682363035,cotton
105.24634268378418,42.33485104944464,25.67077778917229,34.47744378759857,70.82701864488367,6.846214587278666,86.7292316109894,cotton
131.83890654812004,54.99387647415355,27.66796925984611,30.083950919611095,57.06143038174092,6.998508603665112,83.35282261777287,cotton
105.16386216082904,39.98710557004699,24.08623510884334,23.311748432481824,60.39960904848849,7.487534470762686,65.18259466987807,cotton
108.37731765414193,36.176233403247075,15.27195893512518,33.45177939080077,58.92609687092302,5.817210930209082,91.39743442068311,cotton
135.77829882606235,35.799250194209726,15.954983793690959,27.598066013169294,65.43907303860229,5.741376065641365,61.2047819369902,cotton
110.31288564016307,43.5081053497057,20.328614648734096,22.606792658651123,71.94284117911427,6.034982471113171,57.55891868971592,cotton
127.60542329361905,47.88468606849936,25.042288352266922,31.183263925131307,73.16580246133128,6.375653412923022,72.85678199032213,cotton
133.6638789641155,37.773271123815285,16.588377890920533,29.937443069558782,69.55390644415978,7.394766987888039,91.18051140102477,cotton
101.67877748826317,37.63527709376929,24.4488917423106,33.321303163990535,72.77464426339388,5.814065094714601,64.60614938593035,cotton
117.6607164031162,47.64741541787814,25.988278411756387,23.2908251062471,66.17732427338825,6.169215050625216,56.888623208918965,cotton
133.94380366858553,45.97771152288404,21.236247580783736,31.9974311298552,56.13290161542843,7.1182904314050575,67.06600348903174,cotton
120.20090912916118,37.13084654249542,20.586545361041992,31.812987762653172,59.016085160791945,6.829990509829689,57.58056072637672,cotton
130.14028684188435,45.54305523395831,18.42273005895253,32.42299282233937,60.33523546867446,6.318618638784666,72.93765319579859,cotton
134.09561917667247,54.865183659307405,20.426615544826564,22.38691805119457,53.639607647462164,5.519897426927473,90.31234328350004,cotton
137.74571361231244,37.119455363285475,19.722068578189337,34.76528401703271,54.10811704286789,5.622936656970773,87.95961925279116,cotton
126.40704689100946,51.036643861038996,28.537666973608424,22.751527784098155,65.79018905387206,6.926739034042817,83.01808158897359,cotton
120.7911345281187,42.393110621591156,21.03004227047222,30.85131854646113,63.840260705639864,6.108646045946346,87.13487510148258,cotton
136.36923412804526,35.197555837594635,19.196711171441734,28.861292562896114,73.01126479112763,6.900590127765209,72.30945253516708,cotton
108.20534285532824,48.61063227511191,26.825123684650748,30.476482136159163,67.43677413933922,7.275349793014393,89.07815465657302,cotton
116.18022822600614,39.93239385652816,19.522971185030144,22.48061224063214,58.362323118372544,6.950197364671238,87.00261111552851,cotton
105.04022583975485,59.79809923857268,19.25891789202405,23.20665438213744,63.7946462840312,6.5426717302308806,87.85231621402707,cotton
106.4010936091607,35.69728063239145,26.94898048862062,29.70254682274887,56.033494478506775,7.048315574287505,86.32546231997978,cotton
139.47818800964194,37.76104765608649,15.899186079381044,26.84872528446342,65.67473830794904,6.208946691808299,52.38664364686606,cotton
126.0384967748353,38.118745134908124,19.469416689772377,31.57916304519604,61.32867901380738,7.465901125015279,90.26937810546087,cotton
139.56000315594488,49.13993066449596,28.415083468430424,30.160676573602608,63.3322164126664,6.691097829250066,67.51685675203859,cotton
111.3814197978146,54.61973157060877,25.722817023035034,30.741639426496842,67.85877447159322,6.539333294891005,62.38166656539847,cotton
113.113878523246,49.55922614644379,27.34264084457042,26.69647792656738,52.44969579326981,6.92328084149498,91.42188147159402,cotton
103.27788653738754,36.55484181361025,28.327639452747626,28.19128992998747,61.15410217606885,6.23858843262229,76.31278015775743,cotton
123.52957831590427,47.97362498544617,20.921737127603755,25.42801822420917,62.470682642694776,6.346844389982697,72.00399774648915,cotton
137.24142430657744,47.238526666856735,29.599087247653568,32.70955379394409,53.60865453365927,5.7542479557508885,85.55752838317781,cotton
105.17540751934999,52.613117119890724,27.949074863918995,23.53475604972332,55.31606347401298,6.446711123475542,87.32481530190992,cotton
137.76278244227967,44.23330149086143,29.27732629166164,29.820802778602626,60.2154964786649,5.741732856178075,78.58823772132045,cotton
101.61128566347882,38.83261276739504,20.57201031277976,34.88326131454093,57.58150206766674,6.471851081072953,89.5601850535234,cotton
105.68559222930446,49.740606103419694,15.72976569870345,33.62528806900331,72.22643015598548,5.931162911401348,90.95625346141321,cotton
119.55174624982051,38.05819763756121,20.22973415265581,33.315544967210826,60.439378857831734,6.6461181835785785,78.28819880350471,cotton
136.01149151856401,54.53373372132063,22.128413226581362,31.36043543992851,65.14274275541484,7.023902462996874,75.2381930636094,cotton
118.43744658281767,46.24823478371292,21.736121082564733,33.26249218331452,58.130407163745716,7.099623242389715,83.225115620937,cotton
116.38513308383081,40.82055708398007,20.930956938005746,29.032927860287252,73.95198730201346,7.280086330221536,86.7956397225615,cotton
125.83666118637618,56.64883933320917,25.608129392356137,29.435932317312208,69.90396953590124,6.914797698093177,78.05221775366354,cotton
104.95126445410078,48.983820580905686,17.88640100007895,30.043152712612198,64.42138957932875,5.605748771984768,78.51221916144854,cotton
107.57583491520839,46.895892303928505,28.452964203655426,23.563681293705905,73.40454524976377,5.859486802851808,50.94867917707656,cotton
131.47028184110076,41.13216735975641,25.584265534458766,33.53952577363093,61.10573673334866,7.113842048250792,80.34274105743734,cotton
116.07191460993678,36.1245910993727,27.929615035710718,22.302422228600346,60.92543549472615,6.3298728469618695,92.98242052193797,cotton
112.69529741466373,41.42944482919296,16.71966936213368,23.291337229632813,54.20389981667543,5.788068505863382,62.777726265901585,cotton
103.58514253921132,42.669855459065126,21.109146514379447,24.199483623846458,65.36188571921053,6.150581392369536,51.358559620864916,cotton
102.34007129014263,44.748492780838944,19.800621957606882,27.366696555980617,58.105444769921576,6.251026316606663,91.38706993293073,cotton
104.83865054007713,40.0639864503635,26.282006084584214,29.61837799902547,62.3244860225583,7.004779957300741,69.25243398150693,cotton
104.6032548753284,36.515799447584236,21.972352998679995,27.29199402668295,62.104287748952665,6.314987579487879,61.687022787978904,cotton
135.44623584110224,41.72899345943243,29.452120317463503,30.77626657724099,56.157902397770115,6.609414900117381,89.26070933251506,cotton
112.18451367862393,45.16864803544846,16.258625333712754,30.265386927914776,55.08642267116934,7.435823025440678,68.66526102291039,cotton
139.4123486185635,54.55059156662998,23.063034447202007,27.508781936001608,72.78731829582756,6.403484002378465,50.05005293065447,cotton
118.58608214888406,55.734294619547185,19.338741822510084,34.63706345242233,50.01357329267543,7.367013632086079,74.10931299377341,cotton
123.91471006002692,55.98719304054934,20.702302716587692,26.568432964024712,65.80517351864914,6.670318332920733,75.51642108012412,cotton
101.81938921255359,53.47957363987142,23.44622366911939,25.908298530923545,59.882622528528664,5.745953929878743,56.98251341472334,cotton
122.25916326010861,41.98645745930807,21.47943648072148,29.935789023061567,73.93542934247415,6.136607883631164,84.10504979841727,cotton
113.70541025256213,41.53401333459473,26.290410016598635,27.88533505461492,56.148207124746776,7.4660438943153355,67.08149023749824,cotton
118.3919736620762,49.98784168222123,15.23811924241687,30.993985785085222,66.1610822979841,5.504095026981633,73.82644750337275,cotton
136.0577997593816,51.81766010327935,21.19744549197599,33.63848630379415,67.58249187636687,7.024930482995377,76.9065726850736,cotton
131.49220939776905,51.22743190289782,16.162846744654622,22.402317766870844,70.80209661574226,6.843226156311881,83.61229565866873,cotton
114.11978929401607,55.31953118301489,27.41200252637016,26.653554626016046,54.42966592295948,7.035931688724006,84.851506718917,cotton
100.33725503825065,46.56731329308462,29.043717741182917,27.779509537828883,55.53801911755362,5.539563339329079,64.05672419091849,cotton
136.85594758665496,43.94552547326529,16.349497789473922,29.974755213618838,57.579463312107045,6.93561905952018,61.71289718900588,cotton
119.75234686353699,44.07497946858332,19.211345370058474,33.758598671500536,67.67420016341413,5.918172642694941,59.804339701035445,cotton
132.8449388260949,44.90215448866533,28.048743487598102,29.39832900840218,62.350283036097345,6.603570374753628,82.99192105934576,cotton
122.62828191285597,52.05959003474052,23.47710350627402,22.849688125000444,53.206159872184216,5.6300986428176,62.981224035309026,cotton
122.79613162740438,40.69912938047258,22.846199392776807,32.16928521220582,54.796288692889206,6.85595743392583,99.59756768115264,cotton
127.71943261555865,48.32353793353896,18.793816083745696,29.281507704260385,61.348153092331245,7.375780737804092,82.04831431549033,cotton
137.7229689508766,36.296569938559045,29.081389940120197,27.623126230958402,74.87766191491409,6.048071192528571,84.00867377158077,cotton
118.6634691046401,44.036796077574955,26.385325719803348,33.48943174165386,55.61370515208033,6.055866061425082,71.00310345456387,cotton
117.95445988066255,35.12898210284465,17.919122092579208,23.063515718588828,64.29549042278396,5.550743877742658,86.87220894754975,cotton
139.12382444427877,45.59550642180735,16.116605503521324,25.249794099922468,54.112039381493744,6.121611715299548,81.29973434854102,cotton
103.86904389496826,46.99916050433161,27.12088611245418,29.70290001752877,65.65742770862967,6.168605071909838,62.520473542494166,cotton
104.31362613248125,40.95898031421055,20.112029518840927,22.70762718231409,58.339711375474,7.088222238968964,97.17737886045532,cotton
131.029978871335,50.48916389020709,26.46147855695383,30.12953384819575,64.47336173147454,5.671069398142778,53.03434726473479,cotton
101.33374702256772,42.831985855490665,27.71538216919046,22.84536684434415,53.18839476667386,7.338231575524615,72.09592016592205,cotton
112.05884296022018,50.654630294412186,15.98685388659994,30.808337947169463,63.98145129013865,6.089833540468355,69.07277420225853,cotton
103.83321005621612,53.799083942753825,18.49667976028279,29.794486092307956,66.49310078919086,5.5212130912156585,69.19600124068896,cotton
131.80658710840515,56.998454187104606,24.288458313935763,26.415014173552233,73.43962130616904,7.065858275085271,72.70383816853646,cotton
113.12774675721327,39.812032935769594,16.54034480589873,29.737276399678677,51.688611804114004,7.07883284748762,59.680727088589215,cotton
122.92848531186033,50.934093391317504,18.844291533014687,27.47309104545557,68.11557591349833,6.389248627214482,62.15762389364566,cotton
131.8810233605119,36.51227957153334,19.67500287121411,27.66602566592868,73.99353378484118,7.008747270073647,65.55941201137972,cotton
135.40887640152684,54.3873916092561,17.211135939082922,26.012767388249063,58.572507890139505,6.23765999034451,50.40409211727999,cotton
123.45759649803543,51.95750935833908,15.859764691895322,28.59240227676473,70.87937324483877,7.217404411056746,71.10305702083413,cotton
107.81628518596612,40.009297587080816,28.627503276012227,32.208429492184884,58.53879809181309,6.835720277960972,84.739078839064,cotton
139.27693023306202,49.99405758314092,19.967181517035737,29.51933973550245,74.07662222826117,6.732206274563545,70.93476441823655,cotton
106.49119946505067,46.357552348842,26.837870803908597,22.548497948401412,55.48514703660339,5.5073941445166925,61.15125443533829,cotton
109.2109604080131,50.59800043946849,18.585285598123022,31.549620307896504,73.81470572476326,6.163030219186415,87.00406937893919,cotton
108.21265441188591,39.606112805397125,29.848170653737192,26.716622897450605,51.84327892174696,5.560035177390152,55.759464629889266,cotton
111.62304861557726,39.86008611160043,23.785295886476572,31.951925550988467,51.0976206465269,5.559371146546645,59.891249717809586,cotton
106.96586436597855,57.134555738791605,25.782550108539073,26.41762740923423,63.862623878934286,5.857082861602121,51.0746014029076,cotton
133.71525682860272,57.76622375495549,15.31490640693669,30.806880926967903,59.47306894787945,7.074828161075883,55.548450476819006,cotton
137.4445641667358,42.62680945102194,18.602248993103277,32.5233410137933,66.52271788033839,7.382323511346083,98.85509230160073,cotton
139.90779656863324,57.04159487666898,28.175817546726257,22.849907752427555,53.61080614528118,7.348310934466044,89.74490582557064,cotton
107.66725168602309,44.45488823472595,20.613829529056506,29.79413911390321,74.42453850733916,5.9890992778690695,52.30975961800008,cotton
124.6411203108209,39.72755410791103,23.03202513167814,32.26464126207955,58.1920151127822,5.606517950139331,89.78059600296368,cotton
134.91405967666464,56.287565959295165,29.525764612564693,33.515845741010295,55.23093933748054,5.6628154037097875,73.53336468003586,cotton
126.54008794274523,36.621826024247994,22.6292070807646,31.767004493411534,66.12678910626774,6.518317034457119,74.92938880581124,cotton
118.57069110244468,43.045578321905225,20.60818082006376,31.028625758609635,67.89124681721476,6.489584050681564,63.416772924805684,cotton
116.03784282151031,58.02963059220919,23.75973932255848,22.475858343344886,55.488157066495084,5.906000993431808,93.15841318457744,cotton
115.83599901753476,42.6499759079931,28.33063394320193,29.42781502786071,73.38747267470352,6.2482147105713075,77.5275986957397,cotton
105.37321262109958,37.10070373398215,21.66757973121338,26.570474371256743,64.59905561826059,6.430506222132774,81.05629099025353,cotton
117.04409374330973,46.688774718438395,21.13429163033276,32.45855804881498,57.92551064361249,6.264741853247854,58.97828655007798,cotton
109.3516159849241,51.13387131614395,20.386394027785492,23.071440643286195,71.06508472967239,6.525581978956638,82.18271996012294,cotton
131.43493183744698,58.16514798025444,16.47613664551689,22.92753280463129,50.95703462996074,5.90061319371697,59.832316143478195,cotton
113.16965170205344,42.56788956843528,27.233471695536693,30.886011287501653,56.861613912627554,6.911285275280983,99.89978527198177,cotton
139.9362039133904,53.809583916549634,26.09731508900884,33.86097289170892,50.213346960037214,6.098948304084618,91.11544279256178,cotton
131.3251301636822,45.09527853612136,21.086377258061766,29.53939914592712,66.38271268678656,6.44400798759,75.63234865265883,cotton
130.44642148956325,38.732028578494884,20.96257927576957,24.950041930402566,68.72842688297388,6.448876503612446,75.79126752428846,cotton
131.4389859296725,53.940532481062846,25.83765527021859,27.99821478447746,69.7978722091533,6.1261496669918545,59.392327602503066,cotton
130.80524264035517,52.44853172780719,18.14377130255261,27.849635162117135,63.96117043310852,6.249400334640596,78.87542243069046,cotton
105.13382563161014,58.58385002944713,15.145217310614907,32.535218004621754,70.85747203876497,6.179644483707706,70.95736579065,cotton
127.43051223535126,45.084217928879255,26.679651069326543,28.988852082902817,58.15198786313741,5.54647968065109,89.26789053984321,cotton
136.88576762054407,38.84228098713668,29.289563185824903,26.293256866831193,65.74598267658536,6.706005571987513,80.3918635747875,cotton
134.67779022183595,59.50430288562897,18.06306927822821,27.07826990506217,63.362264518893106,5.876677356284524,55.43191780479303,cotton
122.78060047684257,46.2883831633261,28.42115692473711,23.212139585826602,52.60782943570717,6.605813550615848,51.60295770558522,cotton
127.56098198990938,47.21533306442918,17.80038157839314,22.903383462484843,74.07486390059704,6.0676352412386585,61.65197129961309,cotton
126.38279572856298,36.74948581581259,15.861797709239898,28.74091184246251,54.29564292109983,7.219414694753475,70.54306171503114,cotton
106.28141820120666,37.76859870723219,23.04679528829603,28.217264850891052,51.719074768757984,7.410193531268648,93.28497469666588,cotton
105.19729133559736,40.141925124406285,21.483010145041654,31.22573098273802,61.86950060702511,6.707418897376826,96.95771273609762,cotton
123.49967813580419,47.561875528986015,25.272538936766583,25.580732707844195,50.18608271909601,5.7853839761872825,53.198502147414764,cotton
115.9694765820648,55.18914581217619,22.887847572068658,33.83393300622685,71.98098478670393,6.420409120063416,78.80663761462449,cotton
129.49162843558273,42.19779462484627,28.21491110163508,27.931986112208396,67.50791349311163,6.923295867329043,64.87243637110679,cotton
124.52110046846556,55.249619120702874,17.626894311799045,25.238752628374957,72.49911550762812,6.966487905861088,72.89140760327317,cotton
136.43332381817103,39.586107972734055,23.529228988535795,27.11616712869988,73.64218403467247,5.979390515171614,93.52697959465243,cotton
110.95105108098859,50.7020800817269,19.378343857823715,33.91185233643405,67.45109981420222,6.944818778369348,60.862743447995356,cotton
119.7395030889744,59.80974304710716,23.29235841943666,34.93911295975385,51.9133409029612,5.71044912195794,88.32695401441703,cotton
113.04052543941023,46.273399584896694,18.791499272812764,28.57883943304611,61.554187168687186,5.646390984041491,84.7242857052468,cotton
129.9894456451845,44.528889198537485,26.18936155729091,33.12505088394319,59.91685819584404,5.521474722781862,55.734135847203284,cotton
136.68547902598397,43.177759064416506,26.230140417543673,28.30187008528144,51.705929279802106,6.596857080713251,62.11468045174388,cotton
138.00073696307052,38.506394004595975,27.306400345169962,32.94031293017987,54.26472739102242,5.536132255300709,55.02575605259709,cotton
111.76578614835482,48.36634582680584,20.86274253224433,23.008608897984757,69.08972617447574,6.854766283530775,57.67482386553958,cotton
114.32347958622582,40.416810831876894,15.516672681199873,30.775573700069522,55.40416248926113,6.893484727259815,91.82505705758572,cotton
132.4604730376227,51.02530473145468,25.746156498049245,33.66112844151491,59.76545972569784,6.116648501813213,52.62076280944248,cotton
100.18662930985232,54.31024238046176,26.506713576809098,34.07466717992796,59.36611758708141,5.977080646157051,54.56932150424959,cotton
116.86730922101265,59.73226562413572,20.056749636738733,24.49797365694846,66.7237363873369,5.941135703902621,94.11430287979663,cotton
131.87696660619528,55.76126666071056,17.518243311793896,24.171614315898438,60.39200024912135,5.715367657179003,66.35707330803557,cotton
122.48216468894077,39.73868839902307,18.106789730600347,29.04213449460142,73.47308069986855,5.741607922798517,60.688999334680034,cotton
114.26305303673978,39.340538944116716,21.032092346324706,26.111122877566203,59.7296664887607,6.417551863492968,53.30081420315865,cotton
132.60339566423227,51.2486248880456,20.53469941511068,22.875306490890537,55.4640213793324,6.1030684972933695,79.94345482423009,cotton
139.3240997166855,37.545339746872166,23.04272295436931,34.87690673760258,71.26162584297452,5.84291822093636,97.95173521889171,cotton
123.99468580614158,59.53539737143999,25.44473048916818,30.812706791007475,74.30917132113248,6.887441488101056,66.60232736741418,cotton
125.41413806728013,57.09917580478361,19.76950462661924,33.07020476209237,62.05325947469352,6.170210436249507,80.42666610781225,cotton
123.40147657659995,44.559284990844525,24.608879321271246,25.021531205955597,64.6867136852125,7.476761728723223,61.6302952249398,cotton
124.65394698349864,57.41948565916273,19.63272943009395,31.59287269093448,68.93114358997823,6.7395324569849615,52.9961508279873,cotton
114.98094513974382,42.41536825932782,17.275058780880414,24.6570092912503,50.947667888936394,7.34681827910704,79.90375943055427,cotton
137.83505989424174,53.48139090041293,19.930347778007427,25.61564376300575,66.09005179013513,7.02098776459109,76.04364297977826,cotton
139.1027001782934,51.20116062699082,19.326826566891846,22.308013319798786,71.17337113858632,6.162540545206195,62.11244918622726,cotton
121.57247008504689,57.6658014427271,24.975090286326736,25.228394645593117,67.18374596839362,6.939004439449967,80.40315988388127,cotton
115.25943682237623,43.040924777005884,21.63541335200323,22.078554576933527,71.74666849740638,5.639969839955288,59.62327236388134,cotton
125.37467837095635,38.53830027175593,18.063300191487485,23.192872101499034,64.81576628030224,7.162441757250325,96.59063451155026,cotton
109.45240512711541,36.95411284011599,25.87483657156016,26.0490186075424,68.04184414400463,5.98984991645838,58.821775244866025,cotton
109.95877721998116,42.13382225044478,21.724067885547036,30.26284903748492,56.79651961893319,7.062577850836079,54.00079859458401,cotton
138.90220801817833,44.956111829302735,17.516490571653115,27.737888921015443,62.6323138567422,6.969856209061004,88.01622322048189,cotton
132.7841523151867,54.838965028897064,15.297166156984414,26.95845105168346,71.35105525762455,7.017716644800559,96.07662495234294,cotton
123.80733446395328,38.819967723051484,25.89972352709986,25.34479238797615,61.59128086750345,6.407206211734202,68.75734424670864,cotton
124.24101426626572,36.79849124201278,17.04984523894601,28.100360256018526,53.86811139362528,5.879251629176446,50.64171361239818,cotton
120.02799234699268,53.13363439855311,22.371805765243835,34.03398392651724,73.50712463160039,7.440985273453504,68.65724488498174,cotton
119.5820445739659,51.02621804690399,23.824635081503654,27.314238604195374,50.97067244210699,7.343206496901475,69.24130057250319,cotton
122.6243436820395,39.85570500846037,21.544469180378712,25.318359419901036,72.8271498813438,6.944490586945097,75.48041817140894,cotton
119.54487372487179,52.21223487857367,25.446831180643805,30.461782351205727,73.16296890825785,6.971328411203501,62.11764345978407,cotton
101.38030288263218,55.32816025641081,24.46429070531118,30.79353278403974,67.43678556115844,6.790667074142162,63.066534923551835,cotton
118.21883080728806,52.026662108929344,18.81432051741497,29.82794125019344,73.79445613596675,7.183031799814513,50.61686937389174,cotton
130.83888742098384,51.10993476800797,28.753242796400308,27.16966997965356,64.65401071573525,7.30199129999203,75.92685219271077,cotton
107.5529300797004,45.57362149764292,27.446243475400447,25.28732606018989,57.555489149065096,7.435366862016936,82.92430299768256,cotton
115.31154441418641,42.69947166255367,21.174134882442157,33.39320611220723,68.19130198460407,5.677746878702552,81.80901243262429,cotton
131.06764459536492,43.60982030895129,17.14070222553104,31.73349094185108,73.25042164852661,6.29594043938829,65.40501713991921,cotton
139.48101972591837,55.40973445246429,15.02367866376832,22.90793943448862,67.40791768167905,6.549923977506792,82.7260595889167,cotton
129.32168943612265,39.26585640318716,20.619770830839876,31.15261355598507,54.950513222528855,5.8639686629565615,97.42416557305987,cotton
118.02643137189511,55.35926137353729,17.784570627019647,22.766766844309156,54.568234981816005,7.018329369900894,62.96759582420704,cotton
136.09093155611026,45.219810053842224,24.402560693730194,30.117478925135288,71.70904979788394,5.832252265212086,64.65627926800663,cotton
115.10914150615977,41.919055071522,20.132278766073284,29.613403201491696,61.947427966668144,6.845609184511506,55.040457103217605,cotton
102.44225867571853,53.79496741205709,15.108399875311807,29.571790831235745,74.69047085230413,5.693683701918547,76.11672721497213,cotton
100.2904782818752,50.07462179662178,29.803452636531503,31.897731613038967,73.30320952198024,6.446463566376442,66.85149841173424,cotton
117.17814485327905,44.26962805574014,28.35228294243039,34.99278675837748,70.4211798011506,7.381982093471446,83.25391426625525,cotton
115.13742792928488,36.43103859858682,20.34043850821377,26.293318297576253,52.504434064605206,6.4138385187170135,84.91541348465098,cotton
129.00880749089157,57.199263782247364,17.08294540930693,29.824819293600534,71.72513204265933,6.0589350603679115,84.96323106864085,cotton
132.60207034603883,44.21074737830424,24.27527543375472,30.565389367253257,61.87998568916954,6.326253185573643,59.39674675581198,cotton
139.44725621881284,58.93867856672736,27.189285716658482,22.216193953447824,59.00514030334251,5.59150856688019,90.37789059274384,cotton
113.02100797829908,46.10765398173754,24.101445244759635,27.202147480917425,65.3148086357788,5.662738462512701,71.39581402357099,cotton
137.25933877869772,58.27111260520702,29.803071952425576,33.1423000029735,72.63006905102277,6.968555485976615,64.69314866035201,cotton
107.80307820795237,38.579036122161654,22.80081643271081,29.434604124748745,71.42006526080252,6.509273231502559,56.39306772422978,cotton
131.872830416885,42.5337076247398,25.09593240875431,29.133706583334913,71.86964442335126,5.836105702763923,72.3143350165528,cotton
104.62714567249076,51.56605276105328,18.613524203377516,24.751330675301173,68.8313130185399,6.819490204750135,54.471590781759346,cotton
117.39573627512499,52.894128901739,17.403529166691392,34.07657566848778,72.56621297141348,7.03261764765319,61.01880174844525,cotton
110.30514170704265,46.90755794784126,28.46266325607165,23.600275431954806,53.39391081086102,6.569086605810347,86.27072032241477,cotton
103.61767017708434,52.29461370646974,28.079109105148113,34.11313941693035,69.15843466740986,6.701358840833112,82.19932703048951,cotton
115.08041289751742,52.93606835286465,26.04003731813596,26.961456563330856,66.05255506654863,6.6237998897768255,92.80705058461511,cotton
132.33789927761777,40.58877089230231,16.735349479054268,23.13984442836026,52.22848566998501,6.9811624376803705,96.8605325326906,cotton
129.78471009195079,37.90265559644234,20.516055389577613,33.09329401756703,73.85171547163186,6.653833683385221,50.08392457321246,cotton
102.4753974646508,48.39007600953014,27.706778949664404,34.738043475956324,57.99107472808676,6.2300476848709305,83.96510851901962,cotton
131.86261210629564,47.993784558725125,24.02426458047062,24.88784024406684,59.882809595985066,6.576585886662633,73.03013850596778,cotton
105.78803146366714,58.57224771693787,27.5582498184112,28.497824645338596,61.394613263649,6.702930827191365,57.29353492970017,cotton
126.61402817044481,55.03229387621419,25.544502142929716,29.785444007529406,57.72228566973992,7.4806702239602805,56.173200634663004,cotton
139.87394417752898,52.66305669657363,22.174241203562588,32.77293495687966,62.37563812946809,6.908280953265662,68.83543135926595,cotton
139.24571180647916,43.32861366732087,27.418270414706278,24.73797011393986,68.31645256549733,7.120837304369684,85.02037068297176,cotton
102.10265216921503,56.63579739183909,17.685303485778583,28.337560470820524,59.795196596365756,7.468779084310117,82.96251554503156,cotton
133.94072984432972,59.77658037497957,23.219143643113103,26.38633191951876,66.94746715452925,7.480628599946307,87.88570925271611,cotton
115.64252378696895,48.19611086077143,19.24559804972605,31.052892103789965,54.87730441635636,7.212504439771324,69.68862268973871,cotton
105.23602733713942,53.806661999091034,23.70575519642108,32.465933223840615,71.24524301562,6.919175063134342,72.8766250068821,cotton
106.54777871881646,38.43902398680965,25.439332889293325,25.78406040120002,53.62057205471515,5.936272946065045,87.41912588315273,cotton
129.41275586224734,35.228312865314216,25.889362676755482,29.483867260257316,66.95794515041621,7.476968375719052,57.38027296086989,cotton
138.0159261771144,45.67777661223808,27.62490136566269,34.03780937740437,52.401193297576874,7.448317519931134,58.98164396921664,cotton
102.09888461749162,59.50691899572223,24.751467072049433,29.714101073441494,74.24317433472133,6.753945093192911,70.19969979114867,cotton
101.35971311295108,41.02138552752226,22.32938840642828,30.943793376907863,73.86388409370315,6.805593933838609,68.7685820370353,cotton
127.67179399465441,54.883130243185136,24.877782772065455,32.11050054451644,71.62239473652005,6.800621872873618,63.7608020128062,cotton
126.1278189555163,44.18307639874563,16.800005784253884,23.07428087731205,62.230461024010424,6.83758441967485,75.48742488955521,cotton
100.92107045258597,49.324547720579304,23.589458481911386,25.558422491091758,68.63398237052434,7.088687428725943,59.054829695805864,cotton
119.3676590919358,51.11491622454244,21.504847179915384,29.428500291914297,52.486031376799374,5.626996602323176,95.44402616553398,cotton
131.80899308249684,39.6222462142502,27.193019058638278,22.256703049833735,63.90150409517118,6.572833579532423,90.60981293398427,cotton
119.54253049610008,47.97252789831607,23.770823091899803,31.27873861525028,69.75169231215504,5.7481786571965845,87.64940955022863,cotton
138.62724174814892,57.440057455995316,17.709962598458315,29.788333885653365,54.49843891064152,6.609443537104619,90.02564859177771,cotton
104.92181212876534,38.220399762518895,18.09344850323802,24.095733405215086,64.06240523918727,7.202900212303828,51.75026397578802,cotton
139.19713739297305,47.65370776850319,20.45339461039113,29.077552953592253,60.576283182409234,7.390456969412556,50.004278215891524,cotton
112.02399910872168,58.655365397370346,22.79164607501993,32.176423712180245,66.47893945390403,6.389840575156436,78.85357346029684,cotton
127.80405977753878,48.06665649838432,29.790292828917188,26.5775226345676,63.45523717079132,5.919679011224662,54.95045656808353,cotton
132.79053182743058,40.92750889002046,17.82110476586975,25.89621998465886,70.8156951172674,7.414845856043815,80.10721935036429,cotton
108.64159869902824,43.976629055551385,16.927381723646565,30.090065654264354,51.85899148692351,6.0099347421627405,69.08911565310096,cotton
136.14639734128696,45.001484389615754,16.24881114193132,25.3043321132275,60.633584100790195,6.889030741799532,76.79521598062027,cotton
102.82232184099203,53.31687246810639,29.930389035469275,31.05843814009745,54.81568550960067,6.24428451901141,82.86590265027102,cotton
132.82032832843882,50.12361730710474,21.29529708864925,23.995388329868646,74.81122478615195,6.367254262848823,51.29549315721456,cotton
124.14428986534406,36.93811492437967,16.869318358391915,23.429871722249167,63.70921962089487,5.631918718358241,82.00887444949677,cotton
114.5127793876068,43.33793371507357,19.098795035443786,33.29511981737066,55.64413671822227,5.519726665287418,68.85779909025327,cotton
138.75093943543004,44.46580878492125,16.57504094199094,34.033266183775254,54.39328430713633,6.956654829912065,65.32747767449433,cotton
132.85372996532863,47.24046500316645,22.93440178210663,31.105921964630895,71.6349587369704,6.603084463939875,80.37334721500656,cotton
135.86280973194937,39.26868541501395,29.19765458463202,27.064323301231433,58.62932220214698,6.982594276634035,98.400014187674,cotton
121.26728551139584,49.865424462039236,27.744450241623586,28.1992042936387,53.18930507806335,5.518994937638317,75.67827094838867,cotton
46.21965129898874,33.79105079382735,27.576013292008753,22.35422374810054,41.32161563605845,7.088128909161614,98.46999080634893,wheat
68.30009662435297,37.47334882875127,32.17405981097277,22.067867626084876,44.577613144919276,7.479369413338617,87.90813392490111,wheat
60.089169826155796,38.27468923165269,28.555301654427446,24.41677009451887,62.0346927500911,7.2210348758335865,58.31124587459948,wheat
74.31685897318789,58.42363945521299,28.130295689490197,18.12736912408811,42.25351483275679,6.119212300442456,83.79718180300446,wheat
77.79467794109392,34.9533937667273,21.148230446068215,22.43409456952295,53.85399437129293,6.739275799784961,92.46117771149933,wheat
78.48665325295826,42.71950870984041,30.173647244638417,22.307973663242784,51.991398687996934,6.772517230567953,99.87726554726399,wheat
75.52322135341446,50.9364585857149,28.10942903368179,21.162866070135237,62.77216014105778,7.1188758910517045,82.84960437937627,wheat
68.10366855094577,52.49003857636316,24.884524940583397,22.389831517724254,63.77170974769796,7.235045090308427,92.81991375011566,wheat
61.1244567287201,48.27580825441092,32.14747092852772,24.64647383753451,56.86305421035464,7.3228958483455004,71.41098494997559,wheat
49.0027431174559,32.25367122152096,36.78817870219332,20.13684484014597,63.8120900561859,6.6340834032242135,62.745685951628076,wheat
54.93134795717251,33.39700527592568,38.28090350017893,17.497652235010744,53.477990562240976,7.149620866676489,47.07192404124054,wheat
51.96711971852919,38.80635118441674,24.26131889257346,22.380257221398985,54.22104861468477,6.326194792126004,58.28918796588883,wheat
77.32445775244682,49.28920906384192,36.514547749372994,15.354291270331618,51.57642451906463,6.9266230372527815,69.29598766155394,wheat
54.22976255592438,48.46590745307964,26.571036025635994,18.538927443859283,40.12886027800323,7.335294414934891,51.16946238371793,wheat
54.181292953748624,33.04013336393322,29.84092238508827,15.84743779369418,52.85796498852036,6.230565999568094,47.430558910865685,wheat
59.496486189040674,34.668912016476895,33.1326689198814,17.260952328942615,49.88397065071565,6.448927428921636,65.70048819133343,wheat
47.28728161347728,54.34631562295891,22.173899857605882,19.38572068931756,60.983936533212045,6.24275145090976,61.224266624640414,wheat
57.3584061878354,40.77710238477057,37.41028140622667,16.98464617957664,44.73917672129343,6.060384461287562,63.67276031720151,wheat
69.75695947742864,57.029934309037,23.206250021786214,16.989919241396773,51.98237463081234,6.997864343035169,55.9479772085513,wheat
56.843812909444516,46.50371018698087,35.996401709576915,22.14320958610132,48.12219246310925,7.146589064378338,92.90599185222806,wheat
60.074343301652235,57.7068375219166,36.861258272176876,18.88848506893349,42.74331960038815,6.161819377460103,41.26913240229647,wheat
46.22167955163734,45.00002794272801,35.34769902891482,17.365049351158724,56.95775796283702,6.513211497250927,98.58631160725064,wheat
69.49726224184897,43.029855448050725,25.789332580897714,19.859292438821115,59.022497428385904,6.371620948809532,49.14974349554564,wheat
60.4495934208811,37.484003591792025,35.33455209657848,23.641668056214655,64.8564265111379,6.371031556274709,89.23656497709106,wheat
47.93649836596633,51.19382696957519,36.19904936895741,22.011449540440495,52.558348590713074,6.271782374255385,99.55310010382767,wheat
63.64784795907376,49.03431575344341,24.587683844635066,16.322958126759765,40.95916078870401,7.485598193766669,95.74589989164879,wheat
57.05211908151547,48.49402074507851,21.818708608202652,15.509553654518175,50.182429761620455,6.459668919818388,77.99859850710229,wheat
49.25710595303036,40.08533554361966,29.5839047523364,20.09863692723757,56.09682888754746,6.456434984990079,56.1547653512252,wheat
51.222237629592044,40.53073541333949,28.36148399814496,18.198408849172758,41.18890985506617,6.061333693569927,43.12783822138492,wheat
69.790188169968,36.359326530691305,29.441163283610244,24.0848197494836,42.519042497669815,6.27726000456806,96.89969114569709,wheat
54.54324970671003,39.13070085157348,21.937744419119884,15.136615833860748,53.79420566753738,7.292961405183838,59.87270401145609,wheat
69.651684108387,40.84154890692204,35.57616615130172,20.288620636218326,49.28980712560047,6.975372514977458,52.601998113540056,wheat
55.36197426534628,56.61581399434034,22.609708104961904,22.425874367493027,43.008858680918614,6.879842184130067,94.73060990156593,wheat
66.17420638126407,35.713008014767055,34.09320107784417,24.25500639517884,41.87199002910741,6.81986853427079,60.57387812501628,wheat
69.01402636593536,59.689338451844755,24.0399823387798,22.207694661145833,41.09527765360325,6.28756009137123,73.0297409198894,wheat
50.10102030384142,56.312260275935046,37.06876588554502,24.068148475911173,64.37815393271661,7.3423695418910535,66.90893320584206,wheat
68.69303498191503,57.325475387899374,21.35416991752693,19.19004161087891,63.283308176779045,6.755804141508994,41.312493905545075,wheat
63.966146491214225,50.90118683147884,22.5786847307766,15.454452258035758,54.154369209109504,7.19158557026618,81.6282000497837,wheat
69.62860787347958,41.92481484152955,33.69388558454362,23.7025571997082,64.28846043999968,6.248277330075334,85.04366748449729,wheat
55.36601679399567,53.381165204252355,28.016979188802594,17.714941889563544,44.601658508852225,6.240004583134107,53.06846332197461,wheat
67.8688699033443,56.37465050711348,35.81293754470284,19.55440986929966,57.693850532281985,6.787609803589075,58.20461028179902,wheat
48.813453106988575,51.247641131694905,31.043018418416885,16.71109096884202,41.14031164600808,6.357325162274874,42.34544052464456,wheat
45.925579053773276,56.508074166869335,38.544959147717265,17.704348554714237,59.76553295767307,6.963619686439897,54.94048445949089,wheat
72.93641066848409,46.03784772370417,20.02799922952734,18.474618988684036,55.12898839492698,6.55366524299117,44.994769370449106,wheat
68.21846869110655,46.47825217188258,34.44159181916886,19.083428822333794,55.2870508460133,6.486952710732012,43.43580586878447,wheat
72.63688624215371,54.71795358258854,24.385591854226092,24.652274644351735,44.418380978701116,7.457407057460083,72.24332168280374,wheat
79.15049548983035,53.34557978935918,35.61026373256165,16.064427325323386,58.64424472453359,6.572971466321382,79.22948312342695,wheat
74.80103153772045,49.02916623749026,31.017556072199195,23.16847029642648,45.51597593804132,6.403190253718778,74.89982797047526,wheat
72.30931844062249,52.58693092960046,23.112829543062436,17.31723142637401,58.15715309863977,6.552960010040561,94.1300886030526,wheat
43.747642486083855,35.44540631608444,23.700560452878175,23.6235217136227,44.721498036693404,6.735777574889605,83.76879953462182,wheat
65.90257086814768,30.631419117039492,23.258372975178517,16.777342693321348,49.85493337500222,6.91173311532864,44.1672471807252,wheat
42.881947584866,37.35761503615025,38.182621098327445,24.703854650445603,42.50584496637935,6.790167824968226,83.6058774965007,wheat
72.31970906608954,48.09880549454613,27.557502595184822,15.207159154864812,60.66405620678366,7.145168634100077,78.66892677605647,wheat
41.74960170155139,37.450288333770104,21.671910921880077,16.426356057718277,55.68460941307939,6.020245356027787,97.9816457671208,wheat
78.30470764388463,33.19016833805371,34.72263020549049,18.383899171108023,57.68639387282826,6.303482463276723,68.82552583202947,wheat
62.51404937874981,43.32978594648799,23.262888834980874,18.31756319693538,43.86283309083597,6.083813259864521,81.52247187530546,wheat
65.0994341205397,33.69226545569477,36.49849802919117,16.028153117346918,47.418462280662,6.767313624394576,90.1890030869624,wheat
45.67340105808091,57.36500886626081,20.480017397802342,19.271354331477212,43.68441275382599,6.983046896236161,53.5530635364462,wheat
75.1596041573338,41.54231422098717,37.684478270240305,23.22784870129933,42.810216786678986,6.254338592187703,46.60813922786227,wheat
44.069450186630036,58.67547205429098,27.146158080740264,21.15696767968869,42.95877426126851,7.384979411118129,95.19241619920922,wheat
75.8234596381625,48.13519145945526,23.56135553548163,20.30480640641183,54.990287121639675,7.01914996756514,49.013202142618994,wheat
66.6909353992822,39.04691300349495,36.35125089988195,18.483856832638544,42.59806407077112,7.3743515331214375,79.7039029162135,wheat
77.31527336400777,54.321582445573355,34.226133644384674,15.763694926266083,40.05446912007666,7.399642422549979,48.91857688625933,wheat
66.23416487770947,39.60768010045145,27.811991489931252,22.213434636358226,59.63865235007168,6.717648019805361,44.038818082137716,wheat
63.11371517999564,58.787559433290596,25.569522849420878,15.904470184672878,64.86929206690485,6.272808504486852,63.10104385880027,wheat
52.772631196441196,42.71496209829044,33.86841669274105,19.13944345725649,59.837539761626005,6.500197717602044,88.12845570327204,wheat
66.15816888857034,37.377243649181395,28.373192630609758,19.971022944059015,53.34426617112037,6.79871164861559,89.28425188218705,wheat
55.38509013760618,47.428918119129776,28.436815221152592,20.778764395161907,57.33747381927298,7.122425249435015,82.18559879984716,wheat
49.407722759756275,30.08598317279212,39.87810624399708,15.171546516001108,53.95936170107244,7.43642365709237,95.25424604571893,wheat
42.38309559564647,40.48042603452322,36.975029982526465,23.667725084621225,60.4752613118569,6.44204593219297,48.64841453816846,wheat
74.1324882362784,59.15458804324457,38.259078177970196,17.424974084700448,60.69554519366234,6.083798498813011,48.26807876701763,wheat
78.48207941525601,51.11888568321092,27.5492156644287,15.263468824038098,64.12282981438725,6.5575263469005005,82.08410580724917,wheat
66.50989281583043,32.21310886967776,36.74874389081086,23.704769772155075,40.7546432589901,6.547866327404352,44.739597549309934,wheat
43.0826118625634,47.075494639069134,36.27422517783863,16.497172248767143,44.56061278838007,7.115336907730763,84.88642745947094,wheat
67.94255702160768,38.985230878781785,28.230449664973825,18.37336990564865,59.53492269755288,7.042870536594198,57.206144233614204,wheat
46.2354934394362,56.4347142672064,20.64238214554989,22.511329291282607,52.58238556987583,6.0163013644113095,89.96080566508506,wheat
67.19614176399766,56.279295411921254,31.08311842551928,23.29518230691957,62.97875575200936,6.752808656238399,82.56116892128355,wheat
56.94681046350307,34.70401911552867,39.46244658409603,20.215010447618386,64.44815709275622,6.1877000340424635,52.71185460704673,wheat
64.76175041675472,36.567192388837995,23.67387545444145,22.459957374333396,53.98235719745669,7.262569484232469,88.99353013594147,wheat
58.737443827812754,39.39568981216102,32.837816686198096,23.272536797856546,44.120608988156846,7.205008890906104,78.79883174190903,wheat
47.78922357258784,33.252026462048306,21.556171530887728,21.031901670902762,61.165231864055926,6.042073289746753,56.93241588596719,wheat
61.66271659924523,31.959575014988317,31.942215116467626,22.565214403695393,47.72800281415578,6.827537065763689,78.3033376615652,wheat
41.294671666722046,38.07504037433252,39.53326293380898,20.647968131666968,54.093483050632095,7.185338554722894,42.74083676101963,wheat
52.583211688164155,58.30527424259592,20.169574615440013,18.56649143633838,47.060054495695795,6.597204582768113,51.693022391709285,wheat
70.07369082887212,51.770643745922435,39.47701485894872,22.02656810542095,42.43449589820917,6.610929841881743,84.4870805011295,wheat
44.040115327291815,54.22482999601815,23.00373316164096,20.871755093043244,49.55279329362382,6.879537305259842,91.12162576797974,wheat
51.60477523840159,34.546134326392554,29.262124460749753,23.852038728144223,42.3322716267441,7.077694061006271,93.06412408455336,wheat
72.29904135509125,49.62660449911563,35.37651430346884,16.610470264659572,64.09168398037923,6.774451196107405,83.72323838266979,wheat
66.05579660036774,57.90681610300456,26.828305787962705,22.853518585204895,48.47551772200346,6.540474533551977,91.35715318030466,wheat
57.23605782986071,56.720397929719645,35.48350001616381,18.876342716746823,45.22051602546303,6.915580849426355,44.49989734203323,wheat
46.09605627265598,48.83368939036232,29.950456484765713,23.047264442961048,43.56556303171763,7.30568622026081,72.82816314736024,wheat
78.75788474004955,53.44336552064154,21.743353679614106,15.941139940530647,47.84296750458286,7.401083956982287,49.68834909863554,wheat
51.204692893180734,40.899847973891006,21.784584830870315,16.791862525839733,59.29851276068783,6.386916149252764,68.39565723172593,wheat
50.241052139743076,56.299736077050575,33.005841661119575,16.40447243599813,43.099155607015014,6.853100174906764,42.37555847919231,wheat
74.36013021666558,42.0281764289066,37.14001918132357,24.17140116397923,43.22460596278825,6.550098398839823,90.69013861922855,wheat
78.08179834891719,41.21049286801156,33.64401793676529,20.059424299753626,46.570685818308704,7.3133046849584,80.95333518505495,wheat
64.82454895300616,49.31600355887234,34.82085120537737,17.448167853038406,60.53087587669499,6.011914418875004,91.183587061747,wheat
51.62642400736263,34.746174120187845,27.985608406935512,15.729786770273096,49.70557497332969,6.693417858360156,45.61018720966784,wheat
58.63510384216568,49.27453447918201,38.00253030930307,19.64852996983521,42.14556365837778,7.097667184937913,95.0476211128599,wheat
76.89962994961287,53.04649951304072,23.989419996965,18.287206371461714,47.932121556703656,7.494657348145203,69.17770097224496,wheat
68.09163354077481,44.286584060116056,25.56750125506202,15.382823388657064,43.893527937779886,6.7049513177444835,78.41298291689313,wheat
52.80746476894812,30.939697620528356,32.02154826733552,18.802848239421863,63.41149166385337,6.542239138367315,65.80658434863128,wheat
58.93638557595635,31.62232545275082,37.36041203483086,24.526450094477564,57.091786008872155,6.404772165254555,78.14123757605506,wheat
43.343651336949435,32.0777714864698,28.10136960174279,17.983368029726734,57.80516755793633,7.306933694553247,71.48667658005874,wheat
66.78577598722975,37.783416774290416,36.61098183002208,15.924412600320322,62.54104342843113,6.513028721847003,85.19056303660794,wheat
46.581331252636105,40.47828777326829,28.38202155852694,19.754994178973604,57.22076233175721,6.2410337399571,81.80140514826059,wheat
54.187695059954464,50.78704310290148,27.78275934204693,15.099315089055034,59.57680934924247,6.895692957921624,44.66852280023262,wheat
66.71849953487198,48.495371225018175,26.474651495227654,24.863679470382912,63.4742264699855,7.114254521115514,84.20315715661344,wheat
52.660611574109424,34.515188387744374,29.173181345137863,16.47486586119575,61.60753371499625,6.17041031411309,98.19856748310266,wheat
56.255465526223986,45.62075094631747,20.0735378247855,19.50558967466084,60.81277069771049,6.188575807597038,66.95971904944616,wheat
78.77830045770914,32.923381634761235,24.372455439822005,24.79031988886423,50.504402722501396,6.819129341554468,49.96606168193073,wheat
55.10226285938539,40.442566620505545,39.04753762351855,24.717445051642375,54.42091073004612,6.021556526835148,88.8267609613215,wheat
40.647650749070785,56.89964740879061,30.041704001881406,23.677581483479244,57.4829286521544,6.973367515940757,67.35984910162705,wheat
56.41547243348627,40.56633662317377,30.849340323485315,20.23169822797702,59.127028498021254,6.170069999169732,50.54882830030779,wheat
57.135344556904286,35.30685481863176,31.897836202778983,20.427628788044764,49.53908307198955,7.267637412916186,81.31303936851702,wheat
57.499746869238386,38.497450881174046,32.4075297918769,24.251355968854035,61.424931678776645,7.493044831837939,88.35638575430266,wheat
44.15248158265291,49.488737586832,32.32520743198644,19.112796642160063,52.41012322715366,7.127590137986381,95.63373455914873,wheat
43.98808289573346,43.32310069427524,31.624671638886724,15.326355372943738,47.24761148015135,6.630961286409249,53.37276225248586,wheat
58.1851951931679,41.43239493247146,23.91120476370195,19.695742424618565,43.111014021674855,7.451424153079293,94.8417591142418,wheat
56.51738968729781,54.61253925670521,34.076699135398144,22.41153056888346,40.190128374773415,6.5619657015300845,53.436195928258066,wheat
51.34417690861497,56.388214824799114,25.28998141100953,23.384841747781117,59.878455234568136,6.622074786647791,54.493266345929,wheat
76.00749013097854,42.43669980004607,20.31060129795176,16.533753483780483,49.36014351263076,7.2250605171803,89.2020634150112,wheat
63.99782696886985,40.05269814366342,39.18321185889653,24.928291248531615,46.04577782670773,7.460235484592941,51.5596242023712,wheat
65.77737432519129,54.85649698635511,36.026632924667055,20.778536157988192,43.22176161024565,6.954410236966741,98.64133807783396,wheat
46.94869083259076,57.12514117020181,30.345541560417956,19.374015870017523,42.489448098470426,7.201757961433347,70.25542279409143,wheat
65.2576427390974,53.52843881964955,36.860614532555914,21.27318381642292,46.505753069620184,6.829358262856154,96.92201822507587,wheat
48.15050306715203,32.7979622093529,28.74842077665599,21.288941261919753,54.83220479507904,6.041727501356225,82.45455483064315,wheat
76.82377576005456,32.363175132526564,27.648096982432882,22.423396239740338,43.263700377832016,6.680559392658582,77.89010753225821,wheat
54.32485407190178,37.191656526741994,37.95818481173444,17.96922506346024,53.38543050744697,6.3678816265573275,86.80173716266336,wheat
71.44192796293109,53.1117475615024,33.185153909288175,17.74964824937011,63.374397334413516,6.941157013436491,78.30319418823622,wheat
63.17418303100438,33.10257690644224,29.182554472565506,20.95894441922637,42.676916335119934,6.423694557644367,93.67628731457637,wheat
43.71108564060373,44.82735153540007,27.227946357834206,23.38315883338246,49.770005215084495,6.736555436202602,41.31741810459425,wheat
42.943038787399914,58.77651519157352,21.526253701790566,21.87336410730385,49.38135923626153,6.470377403872666,94.49814399371081,wheat
72.34196220669259,35.394193075319,20.20280583257052,16.78677072075504,54.18234624549996,6.9099822884962965,41.887028418722956,wheat
79.03663496458842,59.81218733194106,29.678219854074126,21.140049964188997,53.662069291810425,6.237582402546874,84.50180974058853,wheat
77.06332716989327,35.78535778957101,20.59110485553059,15.230381750911095,52.79361802357453,6.228519024882166,92.01245547751664,wheat
44.591538279823176,36.50873356226778,26.55079456248358,17.197611114639248,58.193597475365124,7.4097721553584215,56.05543193534008,wheat
59.26299488521741,58.596880829029494,26.971067593706188,20.514971140915492,47.35802193489741,7.117791684072596,69.7481023234406,wheat
60.50626186917593,41.998264548707326,23.861084766699843,16.729595154365633,57.17643641792904,7.330972336799608,56.86496583903043,wheat
55.7130369850679,47.50944766249207,35.328977344569395,18.115851295415546,59.85248815376904,7.430643112086434,69.26990737027154,wheat
75.31429333870344,42.712119653000634,34.94158540244012,23.15892199566578,55.572774057753215,6.910943475176161,65.75877854215537,wheat
62.685681388650984,41.21881460351378,32.65396935035909,15.64266252885784,44.18122632232489,6.050640016325907,70.68140860783919,wheat
63.47476971441753,38.80420638707625,36.53372837264122,21.450979705928123,64.12863122867387,6.528380003552586,41.79639702200142,wheat
47.1961694386722,39.68043485940697,35.81792744784279,18.577445167699317,41.81600828006568,6.985431917440075,62.31785706208929,wheat
71.18058214022305,33.66910815454267,26.37178282265252,15.10901024317761,48.221734727504185,6.698064940804272,87.71436526845153,wheat
75.94975895662569,46.849217504166475,27.71181766444657,21.018019110871492,53.1815590369447,6.154380290518985,56.682908110141284,wheat
64.3161749679658,56.5008037106901,37.19825277795567,15.748241959061353,62.31660050270522,6.632625211203083,85.37207220578443,wheat
52.711331788717054,39.60364226955557,23.942465044507344,23.02725192114221,52.466274210585624,7.485389574703747,65.2742347654368,wheat
44.96370716475997,35.13419187100917,26.53749519455002,18.82857518169447,54.4103454465547,6.427555371275204,78.61999651043368,wheat
74.24412267677747,59.63864296778597,38.2328628691691,17.843658188809307,61.04107159503802,6.604216184880676,93.749771505654,wheat
76.72137931809237,31.173607335401293,32.895513328354404,15.694541146598262,42.3779954444338,7.203769923170047,83.39522017583174,wheat
50.98694184934784,52.6107683805729,28.006886851752878,20.56450201381843,47.82936653007168,6.918480970491537,63.599649503131424,wheat
67.85827755450214,43.63745223581864,36.9734462560858,24.671525277977572,43.035323665118895,6.560859124411312,77.07862009230715,wheat
41.171527273659215,31.435027157989857,20.207920542170765,16.051356940980284,48.07147600900173,7.031398367780298,66.14094774112459,wheat
46.807658102517344,35.73479079993991,38.045529695195256,18.68879532934335,62.57201458095729,7.484347544665724,96.04662136207875,wheat
74.72059489860862,37.79063073172853,35.69888070867601,16.10803597033049,63.67862152015606,6.112563262846996,59.75973845478367,wheat
64.51002531994219,54.374565790494486,25.39824108759535,16.703386301164212,43.44408314366884,6.691040643899531,47.57732241719932,wheat
74.47579596877142,52.59104480984739,37.755968250357164,24.658362634143018,50.33234794380211,6.670169610547668,47.34239854891466,wheat
61.10355712190969,47.336541670097446,33.225379510239335,24.76349452738029,48.047784077496075,7.0962968708877225,53.54983110359282,wheat
50.55248134321033,38.8870256494093,21.655885480792772,20.58515234556363,61.82180830135499,6.989221166601043,84.1160967301712,wheat
48.235649375607096,32.340501861679044,39.43530417898383,15.602669284677168,40.32820267053302,6.324203202144992,89.11068665313432,wheat
47.51669719447064,33.13604153851795,24.17322916001013,20.905230996132083,53.191115951897075,7.287688251361538,85.62927750246884,wheat
52.47301718846332,43.62065896137565,23.079978502960053,20.045114092950556,62.85313161649937,6.328177246265455,61.818626993406895,wheat
79.00258733404632,56.0357636110063,30.26928085133742,22.800210595146186,44.698836816221345,6.4167576516765426,49.85177949947089,wheat
52.285871193258345,56.094941402355346,32.96765925020938,16.47289734042839,61.90490590542059,7.117538989821812,54.43374768641051,wheat
75.76392217303717,35.61089298131093,20.571724992430273,21.61885503909628,51.31602290122897,6.398368087988267,95.61566317840112,wheat
43.36267064643706,42.94420910151288,23.01240092470169,20.0219039194918,52.69817060488081,6.0797356081158735,56.35533200343579,wheat
43.91250790629816,49.458652447727886,34.64003219127952,19.22588372185317,47.35014736455858,6.604038154817877,75.6429499131109,wheat
61.1825101397777,44.80848681597824,28.671306834993445,21.811605248590666,56.15862143206303,7.438457575936796,53.17478587412293,wheat
42.12551084013535,31.0706387255856,25.32356489282357,15.65847385914115,42.52579977278774,6.339697523593161,77.21324445285452,wheat
68.63293272392731,41.75724269290687,22.02608543930773,22.33924372673546,61.98819177070331,6.402400424649994,52.3423225452136,wheat
71.42910605775579,40.42899339725804,25.759850994624696,20.963133967517216,58.347056769413285,6.141363850069181,70.19440915038396,wheat
68.01884908143232,44.30274987349452,26.106483765328516,24.06667766630172,45.965487131892246,6.472668748514084,44.167278036465696,wheat
47.49377648000577,56.99607665580876,22.83667310509727,15.12734827891226,51.86501727028239,6.501081224763693,50.65090312408098,wheat
50.55328753032015,32.30931203903074,33.58405884508204,23.530896679292162,54.85012888016992,7.454312296291778,74.98953148767642,wheat
59.5322936395462,37.42531287802046,22.187719947871045,23.189264388188036,54.181668251761465,7.485619652539401,90.121541870365,wheat
61.010767371400135,35.01914212591778,22.931659188159784,15.939100988208686,47.615056783685944,7.104279693242281,67.15698115110182,wheat
69.39260016405018,59.69379355290124,25.14679024568327,19.86493313711411,49.10723329684711,6.020341580671253,61.157582685858316,wheat
68.40628604106273,56.74117248903909,35.49052591084495,23.569561605537515,62.55417068371496,6.893615310836823,46.765664042504476,wheat
67.43136630037692,51.84646628196545,20.414545558080132,24.786374375992935,61.40663810451619,6.989050369643648,48.49798754924285,wheat
59.91328925815364,37.331034148689554,34.820248588294696,24.732905881905594,48.98549821345276,7.116547678663663,51.630526745608705,wheat
78.19257628255434,49.162012586280326,39.30906121044217,23.771440358973422,56.97003814297102,7.348832073573661,66.95616080790683,wheat
78.33224501493359,45.80720637178844,25.306186662663123,21.79066362595894,62.19987257033506,6.586539338407827,65.03765714702001,wheat
79.75774832852099,39.279698921123,20.821999546813494,20.200777329641255,48.581861077653535,6.9185511446330095,66.00757738739233,wheat
58.20110695560646,59.044591067550826,35.84681024357644,17.884085335596694,64.23674725151339,6.748390528491509,81.13160199543734,wheat
58.65269889859052,34.50683255266834,39.3334293797287,21.23795133517242,56.60800802756228,6.455468399302939,57.29559722451113,wheat
71.99140259466373,30.467771989224445,20.819061877924995,17.830172987689867,54.826790452643436,6.07978992337398,58.34929004539113,wheat
57.21291314132676,49.80759944784121,20.01283422856063,17.514334629306106,48.75545588856974,6.424898305370621,91.54063262134488,wheat
66.61303995803722,53.06656134741361,23.100740306628534,15.86003465303757,46.766722377882196,7.4938713841108955,51.80364479067212,wheat
63.408993458229254,32.42153814974472,24.377155308743816,19.73177767790368,48.8658059479163,7.217563633007932,78.22267892341651,wheat
56.90253150436688,59.00720445159737,21.962773932968624,17.612609112277188,47.5505663821546,6.466103700995094,73.83445669821631,wheat
67.15692844269645,39.6743970672146,31.56334834384566,21.833211836789573,44.98766661622011,6.203536127689991,73.25702616551064,wheat
52.042490632830884,32.56793781310338,31.333301801550185,21.283188273098645,53.64576689589251,6.563948915702168,92.55528874718502,wheat
57.47571262599298,34.15829625574605,28.83802662702402,18.132604621635018,63.37199536807151,7.0688977579499666,68.10273245909535,wheat
57.10676683978812,42.615169948662874,28.205172488284703,15.276729383510224,53.97272758678014,7.436237630621751,65.25511730690106,wheat
70.23425821679402,48.45625651780861,26.047799704467067,17.42645655425805,52.80516989028289,6.190912290895988,72.59617309268373,wheat
62.62298401528753,38.8002956033206,35.106703466938036,18.926593223656404,50.07355315053449,6.008929268972663,88.44886158242622,wheat
74.99643490255126,43.80662258845524,21.086924684741955,15.546927546722802,60.747357231783404,6.974819910977582,60.009007272574166,wheat
43.89596248326902,38.717307723785204,29.629358007102148,18.31307596447424,41.521619245678686,7.110709409243809,80.46477996296623,wheat
69.57453689484339,31.590607993656246,24.101288991609813,16.441519004259202,58.51060296730668,6.7429569788620185,53.41261501389101,wheat
67.0272304533923,55.567670871639734,26.01784417453996,18.108908289607022,64.72896574745536,6.009676200959275,69.09730864629026,wheat
67.51098787805434,33.44126591097013,20.000714235458087,21.037906622879134,43.025860436227646,6.145295455089279,52.25761924845294,wheat
58.949696130948176,54.98179357628625,28.876317499684376,15.556531617495748,43.04528536273609,6.606836004000748,98.96177598120747,wheat
72.81083829251762,55.25162410312778,30.934384951035906,23.216864586827164,57.03301117553001,7.288970831686549,77.02951108956182,wheat
57.294147952272404,49.085914944482866,23.696157059324708,23.18550100509811,56.43663407129829,6.25616323774511,84.49988321943371,wheat
61.86724102507562,44.284751969680144,25.800723774649057,21.67535529285816,63.97728536068719,6.739446204535731,80.06197956585049,wheat
55.647568817681304,50.929581105676704,22.146716783041313,19.168964685014902,50.62082390266778,6.04195598829637,67.42493679529122,wheat
62.56836336536091,30.330589319885835,26.055231397462418,21.451089877666707,62.33052433602353,6.929814693828814,42.55790780847147,wheat
76.28233741364684,58.88389575614859,29.358142149809623,22.230652679380043,46.92260097882152,7.472630528639792,61.46485976903365,wheat
74.23358287245696,45.096168639685246,26.9766816351638,22.062246168036435,49.76560814549125,6.094148656440864,79.35515485021594,wheat
54.07468010662001,51.5762732691648,26.785821536106127,22.151823331316105,59.66742167995112,6.417510216515074,85.75645520915566,wheat
52.117195404612104,41.817861885177365,38.32320047010861,21.451340055744694,49.41306836205628,6.707628469234427,79.53830861167961,wheat
63.041558178812316,57.82236736423825,35.507959970668715,20.25433907354072,43.2355492371635,6.486114918315993,97.31167580815764,wheat
53.92380880847371,48.52425072265109,28.07547704392224,15.449291320854563,61.30077960582031,6.238769511487756,45.79242646631344,wheat
44.24881741387662,58.02701726838699,29.52826013023546,22.599092813695563,64.5332099072157,7.212833224802482,83.95882314247113,wheat
49.46468743843788,56.9938292832871,23.47995917918729,23.924728511578103,58.89534685263777,6.63008423435363,43.862194148567305,wheat
64.47614498450871,33.434213482756526,36.93603705613836,15.72881694447461,59.08379874645213,6.909799951664664,90.4407613111106,wheat
76.94203381957627,39.63477643750481,33.97451452158535,18.776289458067463,64.72177159737717,6.860669492443669,51.98406570958403,wheat
50.09979769322366,43.12544562194847,25.72178665183433,17.011927421551487,44.05223955103438,7.220756611174302,88.52033307701538,wheat
47.69183250845024,47.46323839371868,32.582313263391306,21.686582497969724,45.08849025391772,7.21501327090594,93.59746068950129,wheat
54.38244008254578,42.240821101135396,30.931616852356665,15.719651158207007,44.63260890587442,7.0949656735108455,94.65931001079835,wheat
65.68929509167506,44.88526408153852,36.648058177154475,20.703700693516115,51.84332175196154,6.528159078469335,77.1087318210702,wheat
62.34789247912812,34.13620609080699,21.34309357984037,19.27511748861303,49.402955672513116,6.106301425797706,44.68862837278502,wheat
71.29549429334607,38.946809493209344,22.358549907611646,17.305735055467412,55.0372396298755,6.496379692359371,53.441273490188024,wheat
77.62470075186982,57.668199873301795,25.027636943821072,22.03273313923964,41.69882045545476,7.3072100038587635,98.0868890679191,wheat
42.991084913737716,47.26067622931266,37.0639043327808,24.31809049928541,52.50117520098375,6.598829488664622,43.398891931448105,wheat
67.90071633214008,33.326234128200824,29.41957413210375,24.17391337342068,46.576326797387004,6.044967044505567,60.28271455529587,wheat
50.43524420276619,40.03623736382157,35.294718304185864,16.392886281328895,53.67718369080916,7.100809004116161,95.45045573592697,wheat
66.53344509372697,56.34810538492989,24.712344034545886,15.729119018142079,63.69993991476599,7.356485798321684,82.18544982448375,wheat
70.62296891435608,31.06086224597221,39.621120850855576,24.499077827948344,54.953690718727074,6.918648976043205,44.8356092963451,wheat
62.057010078064046,58.39802029642416,25.41016812970188,15.4174097704933,40.890002119652316,6.761406398101654,79.02021811168984,wheat
57.260622524497684,39.10255054716956,36.996670048899915,24.714656489175194,40.53608155460032,6.083034821149191,86.4167945601743,wheat
72.45452678089568,46.02557583335167,37.20588943055099,21.819412163167826,58.44808925280252,6.828743940020055,43.128425055947055,wheat
70.62726061857575,50.86321595130207,28.594372973045378,19.268335815485187,43.4442607528685,6.656929281927562,93.82880372508757,wheat
79.30138227449396,41.031260122013634,23.87291257726038,19.36524830148135,41.44806266541969,6.3480501371472045,75.31704843493534,wheat
49.085035447199786,52.42427067888582,37.766706765850635,22.931808422224044,54.201215290609696,7.486408104767283,40.89391359981409,wheat
68.79307396707605,54.37865675767146,21.53223351488331,16.26715894330709,44.51483694512322,6.065579142206824,60.98004785288096,wheat
66.20835807634137,37.32733033554751,25.848254431741868,21.061238452629645,51.96753413557686,6.183564536160867,44.60823002891743,wheat
50.007954221478144,46.30938586723677,29.898585037180062,22.352186278508963,48.92395785034451,7.372651296020599,53.21723734298728,wheat
68.52535435638396,58.242809630990095,35.60416810980526,17.92683414138637,56.341096767076436,6.790266281660406,56.05211495706094,wheat
67.91086749476766,45.10336207696307,21.07995068231753,24.004253775688547,57.63754188093607,6.932807670752045,56.78703073193702,wheat
48.14219740392244,34.11394465895564,39.51876811996027,17.305359267066358,58.54771646726237,6.3161544478246725,62.34339910369102,wheat
72.65518837807775,34.258836962849124,39.5581940166809,21.983419391533538,56.24770215976834,6.680644478124138,46.85431809184983,wheat
59.95629961381113,31.01268550834773,25.559346614515803,18.841766588420633,60.67947126274863,6.126739942204804,56.74554892833869,wheat
64.38990902421959,44.86072496001016,37.25545620658818,18.846632498802226,41.110388752901635,6.308595181025494,51.06560781296746,wheat
57.243398586658216,31.567789538294623,26.10296145548017,20.41549166761311,48.69511346094755,6.038988153376288,76.52435753694687,wheat
75.72677443510838,57.68096048269217,38.14899165370058,23.10243686685848,54.77396566728952,7.135878324814273,60.456663098537746,wheat
73.16957820103482,43.02228030541739,28.55098378399203,22.29226134185243,58.38536220647408,6.0856778898171715,46.55261228380836,wheat
55.524422512195585,51.638910755322726,33.55939049831308,23.5851409279474,63.449401843317105,6.695253805337493,74.35615318382689,wheat
62.73212217361103,45.56738583596812,23.25097739105001,18.812910353193615,58.64084675770496,7.386991708407852,47.912362772693896,wheat
40.60733654519919,53.987667713150095,39.0193446389426,15.85536867371247,46.24831538113564,6.814206834463309,60.25194119114397,wheat
55.78404815155452,48.46641747823429,27.23389733862092,21.592299435325955,59.560657190723546,7.215389245430722,76.47995055273434,wheat
44.97225651350473,47.053232266182405,26.419787829518285,17.6451754456455,44.46960990201843,6.694086402847618,66.39455676475347,wheat
58.6575800290715,58.97656478555284,29.60415819849716,23.443253305301695,45.44606249939853,6.087877253959741,96.33005548099288,wheat
51.05782684595712,48.309855658884615,26.280530684187006,15.640434879097306,44.495097744838695,7.1489652445920076,56.56866055408454,wheat
74.76221486774949,33.816674402524285,32.606763567700284,16.469017853680192,55.448732610042796,6.074369511373406,46.866793776125085,wheat
41.54007112510666,50.53324151934367,37.21140555147959,20.798907154599906,41.0488896730184,7.076036545201604,43.64877206908336,wheat
68.58198255061242,37.77164250059776,25.14890149475905,21.783878195653177,61.437257686519494,6.53000256278114,83.09915783020841,wheat
64.02315355381276,40.49188951607722,21.54958285494714,19.438126840679537,52.77588793587875,6.355468066826931,59.54734276400472,wheat
54.854374477010325,54.680788296688256,28.319393407015973,21.418870272224794,61.896328457274365,6.214619223304405,59.59243250204626,wheat
71.52657847413032,40.04957355002287,28.16275103351358,21.519782124066026,51.76712586404375,7.460251800277043,77.31498213015082,wheat
46.412512769789075,31.338317310260077,38.60617028922785,24.118726595582622,40.63838215660902,6.913557218888547,88.48205282379945,wheat
60.43184569947957,53.426212536255285,30.163645414034598,20.81486498660149,48.6013186611123,6.3223030795772335,89.8436061662523,wheat
41.303981142359774,51.78779285030246,27.62179326453981,24.97820851573438,41.961124307509394,6.115967161491049,96.13107218995069,wheat
48.98324029606651,45.10487660716764,31.488784943569357,20.482330302443447,50.45200294609505,7.099568491293963,90.8557047896741,wheat
61.11025595611499,31.54294511834577,29.446583190440798,20.244480708266494,51.025435350265234,6.4037740811149435,90.16053642715978,wheat
51.722612354478095,37.3208698619942,24.861466854662588,22.676434142699446,49.04912394115528,6.683731760622744,84.89129676180937,wheat
44.616676775536874,37.23139430098403,34.65596660339959,23.802267790580228,49.047028995992626,6.527976914053304,70.33860657056142,wheat
76.58542047807484,49.59989782068607,32.10437167143074,19.48968021469594,50.4712557475573,6.85401338146427,89.60703506473227,wheat
45.01125035456327,46.128476912888274,35.52896542985226,19.076174398817503,54.61888340598021,6.207210230889309,55.6167372148585,wheat
51.475407582989874,39.41533016814977,21.63011914618355,19.210225902872228,64.58119376532707,6.864017626205834,77.9577859706169,wheat
70.90579903069263,56.99617404786848,37.528113939474395,15.15512251606367,43.01972113896638,6.395064183684172,73.27472673865341,wheat
77.20500662024625,52.28561977319316,22.52795902929586,15.34075668706436,50.78549661188041,7.035069847482468,99.39600903079571,wheat
45.295110200314845,56.006399660403204,38.37246006550105,24.042603926536344,48.85919428010527,6.60347626019562,73.41644685332548,wheat
68.47934046190736,33.57088930982536,37.94852641593152,23.98353892092708,54.786950053415715,6.924944390815926,99.64804622032325,wheat
41.80950792841689,52.16245269493544,27.099152646946763,19.488953419825002,50.22186812587678,6.674630571984099,90.08828033612227,wheat
51.571645664471404,44.31318142267622,22.69211079678582,16.834507787503856,59.148892832837646,7.374512770996683,96.19728677393823,wheat
43.35157965190899,56.86797514731819,31.87106573478107,18.698739087127677,56.235119002596875,6.569061871473903,66.31522246154648,wheat
60.34668765143549,47.642426329694594,38.89536198571419,15.96898602189597,47.43371331939352,6.51167581656897,73.84788029686106,wheat
75.89206502592374,47.39484619533149,36.88130854488068,19.26689530054161,48.07000182272266,6.477867451578009,50.704948732337506,wheat
45.72786243019534,54.4196154054372,34.69251496827366,24.8920537330944,45.267017228629,6.778702455888572,74.50826937537659,wheat
64.61909988950711,32.983996051701666,25.695819134353478,16.18551077603125,46.846212500079666,6.658375116701797,93.12094979106817,wheat
51.53915284252312,57.53079196648948,39.77611148449334,22.534688048520643,63.11289631420273,6.99965041814702,48.460187507857086,wheat
48.273724482108186,55.163699874735954,35.09729477299041,15.273501247047747,62.563532561016274,7.439785054594029,72.38978499378976,wheat
71.95968007896323,30.199953203283076,36.650089893102376,15.257773054356914,45.078523472293746,7.412708937539307,74.26990975134188,wheat
69.28357674027225,45.62681685228169,36.620756306327785,17.949415811746952,42.74037191947008,7.059483299991306,90.68464746472563,wheat
57.776202526354716,42.967978453618784,25.261130643913717,23.645027513564976,64.82693126023807,7.097450613998423,46.98775841374974,wheat
54.148846508157575,32.37201237923149,35.86640510297444,22.273615902241346,48.17789289294317,6.760590259008152,56.56648179298522,wheat
65.22495768532805,45.38532339157495,35.540911417318654,22.068098015184518,47.87024812628934,7.387094971221203,66.0026574583823,wheat
77.29472002539148,53.82592197983641,26.35054397439937,23.414310407502224,56.528260677612394,7.316360298090586,42.13817117326671,wheat
65.37988621809633,30.239117647539167,22.737493453375006,18.76209056914708,63.57905920971363,7.010021446596961,55.91716280733738,wheat
46.057324255856024,54.41606555590887,34.671213700879576,17.82599673657059,44.96432420514016,7.313795921452847,97.0499654932199,wheat
74.28627184727299,52.48337929267937,20.063954209434804,15.672612673840757,53.943429032567366,6.312820457406236,50.686901527112454,wheat
56.72637393712451,37.89221442044784,27.605804596994275,20.83898955842225,55.94286567507382,6.726349594411937,79.41645799025977,wheat
47.20257338222553,39.00301713660922,24.637866746640068,17.921159168182,52.12649876069686,7.195119265057453,63.532603352297286,wheat
54.28511486751238,44.428771576751146,21.930664661367317,16.123674211123507,62.02237972930416,7.132441652163155,57.23628122490377,wheat
78.77448572134165,39.76191138790464,33.24836379660148,16.15819179834384,51.61839830806768,6.478358931771809,46.81217760484453,wheat
67.87874323072711,51.14456403137547,35.4736356261628,19.83738734126991,60.11803274303846,6.733761566889198,64.72017512644318,wheat
49.39440161852912,38.72790707675901,30.14974805937799,23.8981061317763,59.5706973614182,6.091204891677096,86.30791946792246,wheat
50.464210115369866,39.528550746566594,27.82756787673094,19.41951546260709,49.96698779253278,7.368553095176444,56.09903401978555,wheat
129.1274738964284,50.195246704578295,64.55573753542346,28.085106495591724,78.19623086173982,6.858758545021958,166.65351430774712,sugarcane
108.2480328618145,58.75859516344568,68.43633382802957,31.133039713706925,76.59368353027334,6.907441808355234,151.99199166169655,sugarcane
128.88914883766105,64.07238633465502,42.70758132199202,32.0473052064544,88.24457129131267,7.150263075895753,205.28941904266534,sugarcane
126.19726331508613,55.55946995551811,50.862932548405084,26.984398140401936,73.13985822173194,6.803548217514823,235.9722835703347,sugarcane
109.17337873285635,64.03856184215937,67.3196134061843,28.315021128460412,74.31230195655691,7.1000015241880385,244.00137961927123,sugarcane
101.44299889966308,40.600851197940514,68.21065579203264,26.02520730357612,77.95874816050284,6.727349918808249,165.6945506357325,sugarcane
112.058657414986,46.90015717556078,63.172349040523926,27.47308738781348,75.44916491954258,6.185464245971246,228.4053611590391,sugarcane
126.21103835128275,43.935795683777904,62.215772094567484,27.699986611454463,71.69833258934723,6.110835364138816,222.21128694973083,sugarcane
130.4954396881577,52.46140070710052,40.4422535172072,33.30251518947616,82.09743722065905,6.227771335418038,223.58733980968282,sugarcane
131.70480024550076,45.82852240610235,58.17074742748657,28.121897040663043,76.4745346345235,6.768533446753212,152.34319515686778,sugarcane
110.96198959914018,46.080000795352284,47.92809865681731,31.56050708712646,79.4280070627601,6.436857980819806,159.3062395023204,sugarcane
138.67545318792185,56.82988776532365,54.500485573207506,34.07665757111307,80.66407807269596,6.366921056610439,151.72125324096825,sugarcane
119.88139561639949,51.809355456707785,51.18213000059882,30.465814151956046,72.16608590666507,6.336091290167118,247.5190594977825,sugarcane
115.89394473171407,46.96346643129407,51.09464879560612,30.631532677184673,82.85637130001334,6.498653212306327,230.96807869517343,sugarcane
139.0326971064909,42.86167105158093,45.077671380567956,33.648277144290006,79.79622924229645,6.3749535875457015,164.13305655359855,sugarcane
124.65953881683063,54.20543972925968,61.69097241155431,30.66639205519718,74.64859516306713,7.151112718434085,175.20238489796114,sugarcane
112.45819829121564,50.13605441920238,44.518359237129175,28.214429817274034,81.30624720435293,6.6098014250929795,150.55717696856325,sugarcane
127.61589354551559,62.65113790983174,63.84087372319256,30.455887354896625,76.26032351843645,6.978012936961718,182.18379576606452,sugarcane
128.35472687572133,55.43293346944613,65.7595873042237,34.92755358912567,71.6286861779139,6.1575658145439105,219.92555638961824,sugarcane
115.02744201638772,62.70660117573094,44.86279342769213,32.48148762594742,73.32393947204464,6.6564018898056725,247.1916274083142,sugarcane
101.56247791215861,52.72546674948585,45.12166260767688,33.031536305292626,79.74386753735921,7.123490149612148,204.7085049883629,sugarcane
115.97622633256272,48.902530696447926,53.0643820753122,27.942236566539332,88.43940435055288,7.015024739553493,202.24801027952591,sugarcane
124.6040194897488,51.14895438339048,59.50662147237636,26.415175966188073,80.46502481177805,6.3066927619592885,211.39998208880078,sugarcane
128.57899200059572,55.58139352601419,47.53718088688926,29.628801659540617,88.72404997500436,7.39061939060797,222.01302572800705,sugarcane
134.09584698910763,44.06017739271481,55.73135362157555,33.29408015861142,70.19642372692942,6.624454414612343,165.03490766174602,sugarcane
102.68192052641818,69.30928401774221,49.35521528902604,26.87674427027014,83.88090343681691,6.806597241669077,183.10351304316117,sugarcane
102.44431156664275,54.06082308168436,44.693590641045276,28.50452792915281,81.18312178303944,6.3390442655789565,212.88217530707232,sugarcane
137.11517995376607,48.23741844688078,64.6226329158643,33.6809315849964,81.68936770101236,6.458625480911971,212.45009360238078,sugarcane
116.13073436448214,47.64248152698106,56.230509797096104,31.593675703003115,71.54952251801478,6.228632704574349,223.0658078316163,sugarcane
111.19942133972802,47.88812851093555,43.06966374666335,32.9688448103009,81.74634123516532,7.149081513840107,183.01601899836638,sugarcane
130.87914730709798,57.76509924339694,48.317125134168315,33.0729958219279,87.42673167823064,7.0027453702974665,197.3406837949952,sugarcane
106.72397554000341,63.50094748254814,69.67261676857846,25.913382688876027,86.06707656605894,6.21973748292774,166.48183872957824,sugarcane
134.98456358916962,49.70013627658503,66.87860026281523,25.521891872359433,80.23410526025808,6.6595335315026984,216.48422291255673,sugarcane
113.08357456402729,55.01125315427946,43.518894890123505,30.60145135173549,77.54619103281492,6.578294787998251,197.4478001557228,sugarcane
112.47047330100817,55.6595711373475,55.920565220311204,33.83285608927764,86.84382441847016,7.433040184894014,244.54899328482887,sugarcane
133.3441973560264,61.340430336345136,65.19628311036004,30.60485865486017,79.8018700920194,7.183447583584551,218.5367585124372,sugarcane
122.31620338552062,53.062401187142456,50.445414672347695,25.252955545942367,77.31374351015275,6.699113820911327,217.00390975623694,sugarcane
129.13966012718615,46.413398820975615,56.79382068133984,34.97900112871872,88.78814297780156,6.573686123351073,167.90056000142727,sugarcane
129.90513980252695,40.320172651671484,53.2624170245956,30.260025947905227,70.11229076775736,6.465586047565023,159.4108484022623,sugarcane
114.75469705933544,47.61280980023593,67.64691859774169,31.067744141297624,70.67056382406028,6.412427127081983,197.87348687521666,sugarcane
101.75669550768669,60.864972257077206,47.591138617882244,31.25270411798559,89.42281388821914,7.23498856310278,236.31853216739705,sugarcane
137.10299356901922,69.91694732179036,58.96720248188392,29.90300485296331,79.4689683243537,7.312405247027597,225.0586349856759,sugarcane
132.29722741362073,41.1458078107686,40.865109103825795,33.94265135476816,73.06383501077288,7.104294253627669,237.09132213215761,sugarcane
105.26592823351163,52.587177492841576,65.37409405099453,25.56047994221583,82.74956311443312,6.093488208736143,159.74754606030157,sugarcane
121.76333942338174,69.50210284871814,45.82547135392693,31.140037904490057,70.33348908017054,7.255910292327302,234.82300259148067,sugarcane
112.65921142629875,61.27926860061591,67.17174246600351,30.86847489492115,88.88601949308165,6.774510674336976,244.0545161548967,sugarcane
116.1269233871635,65.13150021457429,60.089235245022934,25.649549006889753,86.50095086713031,6.752288540611199,222.89570664363796,sugarcane
103.35874801057136,53.30196612578074,48.265763657211295,26.98683401113128,80.10931661862902,6.259452320284765,224.68284282246532,sugarcane
133.5143878880411,40.09673147898119,48.21289417756186,28.50684777779241,76.82904980573836,6.852259898589241,219.62921849347296,sugarcane
122.6475715429404,53.89016116145893,43.48785070732484,25.9056171910838,84.59100754356648,6.278488334091395,209.1148530145175,sugarcane
138.6306238234363,63.00167705923374,63.66210036213071,27.175258520092488,77.49059117739634,6.121912399797123,222.4276765758077,sugarcane
109.86928472154806,65.11924967487691,59.26952174514325,34.0147919851978,73.82172118833786,7.133748815262062,163.27348151094247,sugarcane
102.13341217616512,61.17741889217717,45.34012107825951,26.40426073707938,76.31081959813577,6.338940570152647,168.8245291060205,sugarcane
135.34274315810939,45.31336262358983,48.847970349942315,31.975581604212397,75.29090286678256,6.734828491007757,207.86961642176897,sugarcane
113.95436786781863,59.25477732487978,53.49019434217365,31.310264072346676,86.6346088305823,6.055096640620364,233.4724192211203,sugarcane
115.42722766271359,56.138463519970614,46.319883911406016,32.02187466873626,76.93843061417459,7.216362483971019,229.62714008144215,sugarcane
108.29787830775415,60.98961479257579,55.11295755616081,33.29857682758062,85.88590059711785,6.136136250718748,227.34089956486372,sugarcane
110.32855398006883,54.03064592052532,40.943441522550444,26.152981856244043,83.16664362417364,6.279638265913834,163.98152818325673,sugarcane
123.47283045142619,51.168482429631666,51.33730470947283,30.88390781739912,70.67699571287216,7.051932425476011,212.9472079566748,sugarcane
134.77316406399729,40.23694906206813,52.64223288196979,28.347124780466544,82.95762626871166,6.150311531727517,241.31488230675797,sugarcane
112.25102518878748,54.005236971403235,45.5848217946392,25.217499691174083,86.1844266379792,6.684668514060692,207.5965201068658,sugarcane
117.3987390789255,51.980004416459515,65.0228923358594,27.52574769581649,77.46429556622236,6.506817390947315,217.85558417525374,sugarcane
112.00693191293745,69.12297016285126,66.32298139504411,32.631729910876935,88.01731048925018,6.7604411368204875,192.0985984995173,sugarcane
130.96289791743783,68.6194582084167,52.0225038214943,25.28555170923665,80.24408700561295,7.38353039660211,238.65952461723322,sugarcane
138.60942444134696,68.2853899577451,45.953864295369506,34.72427752375515,85.03700183921295,6.194836240225357,183.314711443014,sugarcane
138.3965319555402,69.10975383752555,49.27820618291127,32.65823111992039,86.02979247958994,6.6880702793150455,166.5342081044523,sugarcane
100.03372837859648,44.42473028609302,66.48864220948556,28.012823336387186,71.60750540861393,6.354275374014998,170.3321981702364,sugarcane
103.60667578105163,47.341975678683355,60.54140729204153,33.45668396171991,77.48515620901358,6.716016134165188,184.47118632488957,sugarcane
118.8320277779785,60.60359315441116,60.963392454197674,34.12833045961752,83.36873700861507,7.247020488196805,220.62241006101817,sugarcane
130.52224693207435,42.874745887720714,43.85507180952058,32.63044297212827,72.670525372011,7.15989065908393,239.8021290326078,sugarcane
132.791643045768,61.911163227114926,52.73777319422488,28.938503603198765,71.43313591880607,6.732463993167989,224.04291180538064,sugarcane
123.45715821590909,46.650821317491264,58.25567003596426,32.67843926214856,77.38265132341988,6.509776426495492,232.32381418465937,sugarcane
124.42266094659871,62.550533800910586,67.43758002160556,31.455772685265053,72.76159800588334,6.281955823796778,171.12323440755748,sugarcane
117.41602512981008,50.187599670305815,59.62134804871879,29.257113199736743,75.69928248391928,6.580223273582082,232.1275014286131,sugarcane
101.39306642443522,68.75538236387456,52.65210669774963,26.635428771243703,83.64679552873203,7.251348742542012,196.49227023588787,sugarcane
103.3056188661715,60.58196859046906,43.04215289410992,33.624664798712246,86.07100513680513,6.018336733738524,181.90257782395148,sugarcane
122.987288387707,51.51970856330513,53.640761974063956,29.86139384313056,89.1984210416965,6.602555085969609,227.13596601375286,sugarcane
112.11818052082694,47.75947147802971,59.02351538448596,31.03636047297158,86.04836790386004,6.675404911883864,187.28253154531384,sugarcane
118.94189140558942,50.05190525446126,56.050724976905485,28.64861787197531,85.70989447516793,7.4711017618782645,203.17116287321653,sugarcane
115.3388729305012,60.24156728685106,44.51161660409497,28.37115689726183,88.68354152255725,6.885229527106545,169.76130494095108,sugarcane
132.51340437368157,61.82886299614724,53.6496808606881,25.485435982403395,75.6342791080243,6.182327168448605,198.96214117128454,sugarcane
114.68416483702467,66.67497804745918,60.59162915556798,27.52326804590989,76.74923489615266,6.444216680901129,231.91693426931676,sugarcane
121.70993991709814,45.36184540984922,50.70656085395669,25.175189930704992,76.49265100027372,6.953974049936403,209.57789056873565,sugarcane
114.28977928516397,41.09837052179915,62.16040918146399,27.48626717740548,71.68093719109672,6.141858862259104,222.6787404303583,sugarcane
125.3168009202034,52.93301639543101,48.240887003850844,34.71852775350443,83.77983922023193,6.366151056275984,232.55714096395707,sugarcane
133.39671609767268,61.98063332300312,55.70676242613828,29.58419569139488,71.53072287538475,6.559192993174725,164.6750447223734,sugarcane
139.07373330706662,59.13443449418466,66.46110663588108,28.819129952239415,89.60532974085197,6.118147298743271,242.74405511970897,sugarcane
129.97067996918736,52.67589727060636,40.67150425551765,34.50358880659692,75.13716008090883,6.9793431506606,238.29253619855888,sugarcane
133.474132690533,53.003058500251186,43.49276292182016,26.916436372018985,75.21951496525384,6.454802128846736,201.4039572620076,sugarcane
134.16974597982272,47.312572083083644,63.96862299341661,28.74236386815727,79.45836800563474,7.141078568273912,193.69456341474262,sugarcane
129.87479170824983,63.349269223000135,48.30561433022389,31.714396405647857,82.09245136360386,7.36461961471953,217.8208248949889,sugarcane
110.90717613847585,52.21548375646837,40.56156846479712,29.143248398394345,72.59533886235485,6.400579919618829,209.90794508923457,sugarcane
139.03590489472646,49.54478184070014,46.63971056598979,25.180729233399667,76.49217668489482,6.095583687849935,178.78313118827637,sugarcane
128.48134416619425,64.80924929543826,57.63742493557143,31.347726627828983,76.57504030189781,6.583559268812867,242.98726957861865,sugarcane
100.50268898694239,50.21787933699253,50.390989442757224,29.443830635531143,79.23895103549302,7.113856734696492,171.06373945790557,sugarcane
127.90901457369728,60.189578545852285,47.67077790266384,25.322665099851676,87.04583355356951,7.45158541290397,213.1384063411791,sugarcane
122.45302944926834,50.35897577176064,46.22653605371957,34.84868604910312,77.38382910252105,6.437734563844549,181.53380859754918,sugarcane
126.98005481582287,40.88693704215448,58.745880928248965,26.667343052049365,77.03252756072467,6.647296187453638,249.58258402715637,sugarcane
100.93633376103294,69.20071205881707,56.69318461657733,29.907568766897935,74.69437127937142,7.381764421659627,163.16973893227342,sugarcane
124.28486971521946,65.49004572410003,42.90939466560253,27.18305380726644,89.84261812428127,6.856117523715075,167.86224384970464,sugarcane
106.3647007247432,63.32574039348573,62.03382133965861,29.011165093635793,78.17032372236619,7.126921380509652,191.81799955700257,sugarcane
123.96994152035705,49.58210492964827,50.89524044773184,26.056387771981548,87.69515733224807,7.440359100324541,226.17531317190264,sugarcane
112.7110038704588,56.068811461145074,51.76520099306834,33.5905658754681,79.89666428518716,6.695870913039335,232.6138436232137,sugarcane
117.97823702006572,67.71731671840143,45.328798830521336,27.88407810057233,80.65331411806737,6.501082272413391,196.40214864625827,sugarcane
106.89082672695868,67.21842656247088,51.500602717732896,31.531042413271955,89.48494783316099,6.615440706039313,213.64168750423266,sugarcane
124.75503868585605,44.15716125287996,58.59760884270696,34.98909883800937,81.99136340179811,7.098221992054305,244.54890193256261,sugarcane
113.00081241423264,47.49822262669925,57.07918441865484,29.71913543972098,71.81932880756946,6.555443868294949,224.29653748969926,sugarcane
135.34049921926254,59.623481345774096,56.56172078356194,33.634382724242776,87.00618027347427,6.242068910499315,186.9064321540744,sugarcane
134.9860078809605,45.25632980588873,68.11422661977839,34.21385684607813,76.4544840354696,6.439472873488212,239.4445657960249,sugarcane
108.28029083538122,53.83538763058027,47.35140912614862,31.032489869270712,89.79426655797417,7.19513033528117,247.28052874014244,sugarcane
120.00859756510832,43.33471889876283,58.12020387602048,28.312592347866705,88.40311630202511,6.238899878168815,196.22122326645723,sugarcane
138.49896105225153,40.206499416070116,40.96967704937389,31.76872375654777,87.34125428196303,7.493301825264944,236.21689705946713,sugarcane
102.81462454290471,52.51268832927379,47.8008774407261,32.159765775303654,72.41963948544783,7.164894792515526,214.70893397123277,sugarcane
121.36683246933347,40.711603784230604,54.424226916079334,32.260317508860396,75.85926142508721,6.5975951048915205,232.23157579090486,sugarcane
130.7504606365879,50.90119802939059,61.49873873458577,30.1155969969383,82.99259609580723,6.642882806667203,162.40568466754482,sugarcane
105.83934958191823,47.87497298969487,64.75685773338645,32.53577856657047,72.23567466765556,6.253430199248319,191.28930543105082,sugarcane
113.59338496385517,67.38923771151946,63.86659297703005,27.10084984187094,71.94251408130313,6.963053357158408,157.40695555377155,sugarcane
135.96781245144692,54.74730791579987,47.34185332588417,27.599995534304,75.9058413936487,6.6670080981850015,228.73739484725604,sugarcane
127.98246689376883,57.04693569435901,57.832843892815255,32.613227377833496,72.96047948625375,6.432645645282498,172.1021539570172,sugarcane
114.83404474363905,50.88172705034982,48.736548939346385,34.4479191091535,73.16604890937208,6.950841869839371,197.5284842499188,sugarcane
117.59449412622413,48.84638849372595,62.311994985907965,31.950825164359294,72.93052280060193,6.438499318724285,188.42266742684376,sugarcane
125.47049320576133,40.84014114385526,46.349861305184,28.029565673199546,81.68469548405211,6.38913175870659,222.11393677338327,sugarcane
129.81828953928726,69.88352563608095,52.17533897093855,31.18459991365701,73.40820252484133,6.516320314003358,165.5876856946464,sugarcane
134.10441890391567,49.42888703718873,51.23087749883057,33.65408688232916,79.70491567974932,6.253681315527658,202.5236870959792,sugarcane
107.01549425244283,66.91400819566974,40.42697787331301,34.46948253100757,76.8473399020471,6.463962426853507,172.43099894381203,sugarcane
111.13262194652594,63.340430795124576,63.6782273917477,31.4999666211711,77.13002927583311,6.688982567594289,241.2702505578373,sugarcane
136.25208109980844,65.19931407561673,65.37237804060351,32.830874382532045,80.48236666591981,6.34255698034217,170.2529984441104,sugarcane
126.56976343179957,51.95473670059488,42.965200607186915,28.295150809542573,71.34395454398894,6.829926721323164,203.47538728014052,sugarcane
129.6503155045894,66.1784684090571,69.1131165917034,25.559747997420494,81.3340432231052,6.371957919501054,175.60720726644237,sugarcane
129.57743113716978,60.690971151664876,59.524216471058715,27.450870516027503,83.79274900516575,6.684099076436057,154.02327923430315,sugarcane
124.36550833754639,56.55926963928563,42.74077588538314,26.900141666333173,86.61384760103626,6.095503403687562,240.31335870366462,sugarcane
120.90230801783825,41.82595339590282,46.827587465332584,30.856773910051622,81.62540875036751,6.69640693923388,203.69336447241955,sugarcane
131.2565034780153,49.56575016454222,59.01717105650631,26.964258289210427,72.32812783746392,6.125079313025279,169.73962418725782,sugarcane
121.69475334566113,46.44981829783926,54.61692004649959,30.693292693019096,81.6342709108823,7.291708654593552,161.15239018200447,sugarcane
135.46069933254773,63.32187592445925,45.84396293512081,33.05765864513312,82.2882656388794,6.684381656261955,150.0495122758655,sugarcane
130.18241000389125,58.04062439592403,54.77815418641154,26.765318760919527,80.14585964132542,6.771300352555763,245.14356974160643,sugarcane
111.98549069887397,66.0178290006943,47.470660062389584,27.752883484798858,81.22528635011051,6.463206026247759,194.004380040966,sugarcane
139.08915989297992,68.37091055114126,54.62741322961091,28.192075483006775,89.48708780252157,6.705759493587031,166.31308732837078,sugarcane
102.62237899316484,52.96044752142791,49.13922937838017,34.25295337006672,78.86396666503425,6.956824463087607,203.85900946152037,sugarcane
107.30622684764728,63.363753805021574,62.88557944412592,27.13216448628905,80.03559340616819,6.480023791265717,203.03995197406087,sugarcane
104.11668470047304,49.00184257199276,58.28580063811509,30.710084264866055,73.09195299800716,6.234581588118196,226.63973822909594,sugarcane
131.4324451004795,65.57071853234093,58.30369688479395,26.57132657808671,89.13413964457308,7.47173161216574,215.34906297566715,sugarcane
131.54994529989634,63.39264736916161,48.081495589477626,34.32843545547541,79.4396334788695,7.2843563053880525,180.36181209295327,sugarcane
105.79946109838258,50.011664940426414,50.618007144905164,32.452139356385665,78.99415750921024,6.6379468690226195,189.3542206009442,sugarcane
116.6849455254294,62.866682322320486,52.122433197939564,34.686799526869336,77.07223916736136,7.208056134804304,247.49857593841085,sugarcane
130.68194397515276,40.5843887072503,61.13016729106302,27.086090420339602,84.33345396160027,6.4421953353943495,187.34751867031974,sugarcane
112.87383181676219,63.72759909534596,49.77055398182604,30.599722619281483,73.98904290757694,6.3224697815353705,200.2943422199064,sugarcane
134.25613769112914,43.205037282651716,47.294134458992914,28.25483036956557,79.59365396819922,7.081895968984145,196.9871759057383,sugarcane
138.84532688459996,41.379998500919626,59.782547069355026,31.878009659031903,88.17774693764576,6.730562022885451,178.01426126579136,sugarcane
124.268193717633,51.25056886508692,43.04319748046574,31.396286662123494,75.52092440991039,6.55417324347188,242.3606092365349,sugarcane
104.44123162980105,44.02854201514641,62.49478624924766,28.245455173937884,85.5048581559135,6.6206660698090944,165.17725875522987,sugarcane
106.01678299600134,48.965668881108186,45.99982922416248,25.88005158590236,74.90453337547811,6.8590997518589925,226.2787160729548,sugarcane
110.42876528402401,55.93082438796237,48.74258153652477,25.218518088792827,85.4420143022993,6.102005860254824,228.59007097724924,sugarcane
128.4561075982625,49.41883712050321,65.6029998573429,34.0510349551367,78.91680743504661,7.32687782736286,168.4140028962993,sugarcane
118.73305595746109,53.82411070813323,49.99036294199195,31.776688022273678,84.08120621130254,6.383036664913783,224.76502800932622,sugarcane
100.92553232320248,43.57571310749059,52.323368510752374,28.96307981059438,79.72715061874644,6.072046624478039,202.83973817548627,sugarcane
136.51928811956736,55.367850074203545,40.486038081135135,29.372069164786822,70.64168035384837,6.7563173384191195,229.8278244786486,sugarcane
131.60550014341158,54.760284114475496,57.24446408459974,31.34373844169896,84.68867615991124,6.847960208641107,247.4227536903997,sugarcane
131.22352841864077,55.95287311633466,63.95772930536427,33.462993417045915,71.75460511057454,7.383745321651326,211.00314829511493,sugarcane
139.7179890247844,62.55722047531982,63.01345855384018,29.309467287194412,75.53729824210929,6.676932881281031,238.05405869659012,sugarcane
129.55746357208648,59.51331093842449,42.19077360220413,31.47839863413749,76.79619438261496,6.791570951578538,219.2586166705628,sugarcane
132.8083410705637,52.971915130927485,40.644505858749014,30.747378415898517,70.1270791327491,7.242333964146087,151.88716501633667,sugarcane
109.00919745039472,52.81448941316342,47.76558850457697,27.2288998651785,83.49076625224632,6.489928918321032,195.77533204377642,sugarcane
126.61607480059014,63.097834845228064,57.23315244734806,28.5464531103703,87.60623480601674,7.300864684323103,165.26047824982356,sugarcane
130.9196800435435,46.184325138140096,45.44760162403356,25.26224490504131,82.03842937119227,7.267047476464352,227.94632176110412,sugarcane
121.60305003777731,68.63981784938281,49.82383143988759,28.153362492357605,74.60207710536824,6.313210880775393,180.29295069224307,sugarcane
116.97134554118026,48.13233820341054,68.0890679925408,27.172358093585473,77.10689530183322,6.205968248221698,239.88796319394308,sugarcane
117.58563760611716,65.02471728951045,51.25341825755474,29.439524625802992,84.87884757730187,7.109869147188041,188.0416565010058,sugarcane
117.87249548391904,51.97534602850028,46.16896803028518,28.8050488822324,86.28998832771917,6.139277726068092,167.5096783836956,sugarcane
136.53132843324647,61.73555020611648,43.651112577963545,32.566063568714114,72.40716650198337,6.733662639639996,210.48484098791357,sugarcane
129.98730361323283,49.506387430830564,45.729434313698285,34.85152103683285,85.9958242635295,6.5397877187801035,175.5284536694998,sugarcane
104.47969435003306,53.708612475427714,40.217667828506784,33.034116731585115,78.00616695904266,7.286239610240601,185.4681099656168,sugarcane
137.82927134930543,65.09603904157257,53.024466547207666,33.478081572950025,76.01388875087483,7.499559846161461,158.4451471644883,sugarcane
125.74327820842547,51.69058633057963,54.14084375258908,34.513091442304436,75.49432258749442,6.971039424434281,182.3270932177972,sugarcane
105.62943275195802,47.469943652456635,56.93737745492323,26.279483029143663,73.1151662975878,7.042605315929048,226.22878405376582,sugarcane
102.44725841170683,64.07140818457877,65.99035182740894,31.60952190258239,77.43408078216837,6.622314555457801,165.74826942327556,sugarcane
106.89679955680295,68.0887476023882,68.95900565789204,32.41966670821738,86.2063934905332,6.272422038373366,237.90774116289205,sugarcane
104.37566303806209,44.87121143117103,54.92666174562504,28.06064817336606,82.50624975162508,7.3634712790112005,176.5181344910812,sugarcane
112.8429094041819,63.49806696753875,49.94746141772647,33.888204505331984,70.68445544465644,7.308042293164963,241.35769337985985,sugarcane
101.85997800215331,51.311103126965975,57.95522430297495,30.25204600168319,73.16345156730938,6.022407692097125,239.71886949442302,sugarcane
103.68495596047725,69.64574524752626,43.37231769458884,29.75689369920144,89.66737574563575,7.284210639798753,203.67272007496345,sugarcane
105.37621583250632,58.09813286574746,59.105657115739945,28.114308824855346,79.38973961763814,7.354324425647351,162.81986111616823,sugarcane
126.25497089027944,50.967481797241874,58.4082871679437,32.163152925401796,79.55579690527941,7.12307837416704,235.19684714916315,sugarcane
107.85148385937005,46.5793338823469,43.89422837021518,34.422891299619934,74.51103682208209,6.123283476492597,159.47891899739807,sugarcane
116.15354129144542,66.60753770508197,43.15684629599276,27.262234035929346,73.69253512174342,6.989054038760529,182.8625758815262,sugarcane
138.95826979343568,60.05069090219989,55.5975077711577,30.771671085629084,87.67165679733841,7.139840426663296,163.17070970531108,sugarcane
116.8808380886229,59.836054849301505,57.38105678627126,34.346244100537035,70.68450625955104,7.359021795538493,188.50300135603564,sugarcane
101.92073726481046,45.93688457746743,45.465174097043665,26.42954466004898,70.68228078415679,7.192158325439275,166.1885204887119,sugarcane
112.90129512897506,57.16260198074051,54.515345809835296,28.439017697255927,82.57425842725125,7.225484233023,207.72014812056486,sugarcane
118.08416455766522,46.44508573111749,58.63937681827053,30.458794268955515,72.35638257040983,6.418957792097261,226.85110532826997,sugarcane
136.95542524378013,50.11763773784467,66.77580532125818,27.552844236864374,86.13976998209523,6.731032722875563,204.89007864618003,sugarcane
126.52992281213504,60.040380550074815,50.271250701681375,30.190729220424842,71.26235541432415,6.548133366851298,214.22926934466807,sugarcane
138.59014199475013,43.786845079343806,46.813751677070826,29.574334385251845,72.22273932699527,6.825697154321097,179.57134330742005,sugarcane
134.93226955760247,49.21091216487396,53.08492322712359,34.84311699416851,71.6593448767502,7.300451237391827,200.47237216130821,sugarcane
115.90232396722632,68.2374915970022,69.95634380971744,26.948779831953974,86.80025632389999,6.332785637407504,151.67192384502076,sugarcane
129.33649293917293,50.61809491937787,58.02808898238935,26.517711919760927,87.19852395811104,6.787567835826373,230.0259989002021,sugarcane
114.5062460122875,46.912706351360995,68.41490499612127,30.308700737860313,77.4894424019381,6.150207109902764,166.56355160095345,sugarcane
125.37250484792614,58.545527881292436,65.29716378390391,32.511041813797206,73.04102160644852,7.413287981843171,210.96655534507016,sugarcane
134.33180785244588,48.35264139970664,68.77170293833606,34.48899108177966,75.92992862906641,7.351434929539433,247.2008864740015,sugarcane
135.74977978364998,54.04012441380053,44.08359633122704,34.38143330067346,70.00707225127078,6.376993861515161,205.5757378549279,sugarcane
112.46421402953708,67.6915645748661,58.39351801439783,34.592757528037936,71.18444454001927,6.615563293624334,164.37915673921415,sugarcane
132.89765005119233,62.93778791399933,64.20964829097429,34.50910612779458,74.84926125276658,7.17946927427623,214.60846246705148,sugarcane
115.6399865720917,45.801138933429115,65.02987079703972,25.705316381626208,89.26714687780293,6.414326807190928,239.26385000455417,sugarcane
104.93885687767832,62.18964954896191,68.33023317284524,26.518462017612986,78.86762710547573,7.008357103267352,226.05845952590514,sugarcane
100.43076146744389,43.51876039518869,49.33481772040746,26.026122105990204,82.570914715297,6.706663998576043,216.04214343299864,sugarcane
111.95288861460696,43.745934786184016,62.28735192344391,29.543674301630006,71.4080546617846,7.468489439274187,241.05061644316226,sugarcane
113.6550876126395,48.16308363143084,69.63878222725651,28.815017106978406,87.82233495346492,6.169256358894315,196.65256844901336,sugarcane
123.39914297117471,66.28726967642322,60.7431076911478,32.944556138463625,85.16919065879388,6.336950121702693,160.30501655382884,sugarcane
139.90421227567174,58.0994820504787,57.97140945458823,28.62549381265734,87.38722575455388,6.997365916086716,233.670911715626,sugarcane
138.52977676167407,52.650223536041196,59.14179722335713,33.65167243554782,75.60407129560784,7.086078551401674,177.58656360561503,sugarcane
110.0668321967916,55.234706549829916,52.58936077363308,33.36296247327693,89.66173222015222,6.124640040244081,160.11309825859635,sugarcane
132.2396595733013,47.282326575916436,54.849282478106346,30.910844388139772,83.31256974723252,6.155948180675162,228.0921927290118,sugarcane
128.34116354222954,56.8201228097023,65.1223607880518,28.758223400013733,80.37933571195505,7.387864638129887,188.258722455875,sugarcane
124.06649235123326,57.710291036562396,63.80799903929481,34.540714777900035,81.51251049263978,6.176210045442688,226.40306743876212,sugarcane
114.42803310755552,60.178281823390414,67.11368820156287,29.21829326564696,77.8749019977881,7.116464663742463,184.73044533065593,sugarcane
131.525454056336,65.56699100004352,57.20034767614557,30.227653908526616,88.80394002775739,7.219741006998948,212.8118349197405,sugarcane
131.10523087733904,60.072050968128735,40.76921713710715,30.66929997360242,70.48288846470733,7.418924637089993,159.88042003831032,sugarcane
136.82678771380898,64.05685738363293,61.87172102703672,33.4943008341599,75.07028450944854,7.227552648816388,184.40497245816772,sugarcane
138.94318251776355,47.46103248222898,53.3802096807308,25.477991128304033,79.16409145282275,7.486463535221002,176.3173697654986,sugarcane
131.7456409813738,46.28143054808924,63.124267130378534,30.472777161619582,76.43762301515113,6.60198130927964,184.85391421688215,sugarcane
132.6187781012231,65.34159537401119,65.6993907888687,28.337632667407743,82.32805453810613,7.109788989333313,233.62356496297093,sugarcane
109.10283694163982,64.86049331110011,43.038945029863264,32.21940667110923,82.78903475494165,6.469386517500129,199.71926930507647,sugarcane
107.44768582480087,51.480891526225754,47.94041175901353,32.07396086196904,77.01187809363026,7.208846249853474,239.5780230771476,sugarcane
130.19083385444205,68.77925004852038,49.68279332278534,26.114806025459597,81.63693671085352,7.363245489144168,220.02283010058682,sugarcane
122.41941162830702,62.70311733184485,56.14763077599736,28.97971232373051,83.91272173463335,6.297929418385368,159.0542217430961,sugarcane
123.9187752946309,66.3079915187933,52.139112692820014,27.633700456154752,84.3177620083338,6.799241628726568,189.67567394154688,sugarcane
136.85033303059345,43.10878079645548,68.68224875694864,33.145730858777796,87.74902206636776,6.44086838826634,207.01067818011737,sugarcane
103.2884640466679,69.98316672999222,53.27608164238946,25.40772842212793,80.95974432751711,7.001281991519153,177.3788295882636,sugarcane
119.77971709503788,64.99743894377629,69.49786884016734,27.45351738297462,74.51665303712426,6.971842577437222,171.59680958492808,sugarcane
100.49673417115007,47.310406036210914,40.62321860884085,31.122205144410824,86.75861439689247,6.621788761276629,205.12261539576394,sugarcane
122.72342806823227,52.369706970317225,65.43714326290146,30.808956131310524,82.54510217539323,7.332906211566284,247.9131083094357,sugarcane
129.87171121284135,61.20237785506188,69.45748575716516,33.03426085425357,75.27114680876056,6.555342752834944,240.00528598241942,sugarcane
137.47688687882,49.604641692422874,50.71222515636096,34.58091092804067,72.68985604072549,7.289917049863725,248.62557925465316,sugarcane
109.87581425772818,56.148262749379526,43.86294024362148,34.8101102499276,85.68437218450073,6.761180751491568,197.57377098155015,sugarcane
112.53939125085104,64.21760704211006,58.12274759139666,32.20106246682575,84.35129071804053,6.967448942100551,205.40728257676776,sugarcane
139.40308339117877,53.95859307105842,57.22777459843756,25.532014553266677,82.37611881462797,6.74569941972639,193.61842503000628,sugarcane
138.12656044834512,45.14023542898487,56.798761885270835,30.589960414936957,71.15091530916715,6.521404651663747,236.75771482758896,sugarcane
105.91520490162874,60.46021029824293,41.962382783308826,32.18868794114071,81.3950725275296,7.421026690638016,222.77605014113857,sugarcane
128.54448753527953,54.724294490552694,61.12653458812055,34.427481527131555,89.72413188163131,6.32280620927141,195.21117233471966,sugarcane
121.53582802331626,60.2400286431598,49.91599736345508,30.698573648811603,87.51937396942898,7.419401680012889,164.42330685727316,sugarcane
121.5845045388277,60.43965188865493,49.43375778110342,25.067753417111078,82.19188869788809,7.068170570818331,185.83495139140462,sugarcane
104.78733532864479,69.32061547138096,58.415513797915445,30.297719792553146,84.60760685223448,7.098834505617085,174.8799532501265,sugarcane
124.06101875714486,62.7646300918438,45.38022447431223,26.812380927017895,82.98814027440937,6.742462576128547,161.95000956340886,sugarcane
103.56422903959793,68.38441418190791,57.22008668652071,34.49029890338727,77.74902281238346,6.611361280619621,219.6415055352506,sugarcane
105.54038013436363,50.29886011399096,42.875898997007766,28.551569519744138,84.14525902723683,7.318596798017779,199.9681823631633,sugarcane
107.3826552213745,52.0428326429294,46.79920614165083,34.85636023038814,82.66014651679521,6.509580255877906,225.18153868170668,sugarcane
120.95469095044369,40.61202284976123,58.18478280176987,34.820101228142406,71.18292401473374,6.559720472568538,166.85131117830343,sugarcane
138.54399024997016,55.8736290065747,40.13983078156255,28.847535200883737,70.55307117105099,7.357717568815634,206.33647022756637,sugarcane
134.37434496563353,68.67135103919945,45.65446286718884,31.20872396962355,73.63573410141676,6.327560785887104,184.52479623032048,sugarcane
134.88388379907045,67.37843889474969,57.991549158282936,30.739850117037317,87.82873532782459,7.059551349050995,237.96719444690913,sugarcane
107.09968045572302,44.465492624274226,64.56986347849066,25.303416671014027,70.77548562516168,6.806384770813214,245.80313696984012,sugarcane
137.6281604529271,64.21614503880917,49.34996044673752,27.914309435172,76.98108042523742,6.270625139662322,201.84888479663826,sugarcane
136.0092240869169,54.92953148331337,58.1051010985492,34.973419056325525,88.39998280069182,7.406727393582468,242.8606470364988,sugarcane
121.91921735756699,51.665375333442384,53.438067423703764,26.16381627833136,81.08923689506405,6.507515913764635,186.56935106320782,sugarcane
109.57805423748107,64.527565052532,45.65020556615009,29.042846936105967,77.16642812767985,7.374915752362597,242.11246481569364,sugarcane
132.43629450905365,67.29004189215452,61.22912304578979,33.390622034008295,71.97560740229102,6.779765703800546,216.3512599876554,sugarcane
112.82212254758687,55.8201246476911,57.25260377724601,30.319256821399392,77.88369830800943,6.81957168105839,170.09320876193163,sugarcane
112.81265680059066,53.43713710386811,45.941245472347546,34.442472802574876,78.52638399664136,6.652708236616853,158.23888889734846,sugarcane
100.95336600877029,43.12955505881782,56.83758977445315,31.096632360578226,76.11795164609173,7.488431037809997,227.07407719432854,sugarcane
130.8337094438232,60.96704961101313,55.826503894759085,25.416325419253027,88.93559710520319,6.46067974595829,208.74698590327156,sugarcane
136.01105379202215,56.28361094892593,59.22797284580476,32.39257052898079,80.6858426374142,6.07081132345015,180.29459222026273,sugarcane
107.52956043236422,68.92561335960708,41.573057656827444,33.25394255549948,87.47410408166111,7.107810130436437,202.3984438547647,sugarcane
107.13160470388698,51.124717745438225,60.975493426186006,34.10662101317146,71.97301469105984,7.424946451772437,239.23560769972738,sugarcane
128.49642316112235,42.188904445030076,46.108247003393295,27.067369414206247,82.8084228356208,6.0233890642810675,242.20863385609442,sugarcane
108.24119356284163,60.68168560780533,67.72936708266474,25.04738784614174,74.80774770074996,7.22045662159374,233.1304038545122,sugarcane
139.37607859881453,69.61256482971812,64.7971663389441,28.717837774573542,86.75574621587377,6.0671351792953425,164.16694193985435,sugarcane
109.84692651682012,60.055984167349024,66.458343697081,29.228406003147043,81.41079466196484,7.295615068473904,212.619041137203,sugarcane
108.19505123504184,66.36043138504095,62.09900705078308,27.726149365991606,83.80562514219096,6.623831054086479,191.3639853724329,sugarcane
111.12346733887024,67.03227412465881,64.50173924398989,29.882164914416187,82.00259253538097,6.939805645784622,189.54684737458774,sugarcane
127.84007065508563,53.47384612162893,59.88889091227189,27.229745914826122,82.75194110190576,6.1729176024972325,240.2217140728161,sugarcane
119.54147221639761,45.50075684568428,49.821356944896294,34.435031245655786,75.12998326947051,7.021358401123695,243.06193194912316,sugarcane
115.92818149471485,56.08780256355679,48.541144770869934,30.70108333688223,72.16984104528863,6.179101058038766,232.28774807274314,sugarcane
135.36106234852258,68.50627223100582,56.642499606263854,29.97967214888246,72.54230059954905,7.4933376949544455,196.89569881470487,sugarcane
104.37375578624207,46.859352373636796,64.99284201593633,26.844783282548786,85.25082822048914,7.209613670416926,174.17518454488265,sugarcane
124.61283307400402,53.14325684421055,44.28276124045785,30.9700147635584,70.82103813631487,7.400423387105978,226.67901812084585,sugarcane
107.55877696530497,46.312940729761905,49.53763932967735,30.688013509974713,88.97178830991842,6.512021238276596,245.04143986910742,sugarcane
136.87359099850923,50.503516523994975,46.019478939822946,31.441351701053094,77.82623728812253,6.229646276088297,179.1805598926504,sugarcane
102.54597521580327,45.518894857290455,45.83017274794473,31.580122166960024,78.77743184943641,7.307005969142882,156.93828824417463,sugarcane
109.83104485322835,55.85669807072129,56.70559394980177,26.433634500736247,89.28353075944685,6.085069691144293,218.47628285373102,sugarcane
116.39696673096637,56.02821298333894,58.557586756456445,26.699152419275,88.65601127172354,6.555558219981529,164.34864767008992,sugarcane
104.15170391926664,47.009858937390504,51.43640168087653,30.627116565288418,86.2741213124286,7.153043149787427,161.9642092712246,sugarcane
108.9807229525376,58.84859778773678,56.90916274761763,25.739240126296384,82.97725257635092,7.36621718641104,243.72109366319467,sugarcane
125.79160612405978,48.474053521218146,58.48147274257998,29.49671208189734,84.96138814652994,7.024321759014156,211.2608501687961,sugarcane
113.8058501422796,69.63932439015007,53.64952843169773,34.19426522393351,73.06275836441266,6.8046820150253655,186.0135147153138,sugarcane
105.77629604544148,59.112796425293055,45.230594790661264,34.67370006356029,89.98280961173936,7.322906235161982,186.80780957639632,sugarcane
100.83748502485054,64.16351436820425,44.31951322612648,29.599320695576925,84.21371651884988,6.812247788738649,172.69856109283072,sugarcane
116.08923796565063,65.2040604412183,50.588241191528944,34.418810934259916,78.42281310016241,6.626588439128342,223.34492910825594,sugarcane
117.75571553479854,51.653285651695086,50.90680785577029,28.260109846694277,77.97766121225277,7.084961565545985,170.59150803536707,sugarcane
108.67837241667206,45.728952266660315,45.83805813223235,33.73606135914525,83.18651956083265,6.928314376958626,240.03543292237515,sugarcane
121.92822064830025,62.91929739536605,52.246242696378374,31.440000482417567,74.27027365458451,6.21199723486117,160.86501817615977,sugarcane
126.08949764142031,49.00960823253007,64.9866368522643,32.74577661380998,82.47192180337278,6.076328562938531,171.71781386262413,sugarcane
122.06772294340271,44.70158040366727,51.52871503020569,30.175008582456694,73.60630466687668,6.664470512686321,219.39696088914073,sugarcane
115.43882684927968,60.009806120173806,48.19959945610893,32.45971699659751,81.26728009719253,6.233783524199256,190.18764836718822,sugarcane
131.27435648466252,45.93429248422755,52.338691946079734,29.68579763514537,87.3606019822457,6.195832626103837,243.1252468278147,sugarcane
112.64858413051309,67.99060652331843,58.369746922833045,32.35317622334403,87.51833141376102,7.014284112644172,228.6962256322496,sugarcane
103.43000233813109,40.260060486235865,65.86747807326847,25.527527058982002,87.05201850681706,6.469940821806669,240.18037569276717,sugarcane
108.12028281199464,44.51808809294326,46.390355670652205,33.406785135419895,77.25880125511165,7.363868407705799,208.3448521081471,sugarcane
133.13018037277968,54.25261996804642,61.10809650463268,27.897410489860214,72.0299897793436,6.842831334022571,240.08170580905772,sugarcane
106.08067576982282,52.45557608867596,55.96915541072894,31.18288892579674,73.16560843015672,6.82848181160557,196.95676766325727,sugarcane
139.33212080038624,60.69891136467338,67.10954835624764,34.761247270804674,83.27738179942992,6.219969435511359,194.4903888531543,sugarcane
